21/01/2017,0.133333
20/07/2016,0.112676
28/02/2017,0.0
22/01/2017,0.16
2017-03-04,0.225
20/05/2016,0.240506
05/11/2015,0.264957
26/01/2017,0.1875
04/01/2018,0.175676
18/04/2016,0.323529
2017-05-22,0.116883
10/03/2016,0.09375
22/09/2017,0.219697
17/03/2016,0.152174
18/05/2016,0.230769
12/07/2016,0.0819672
08/01/2018,0.216867
18/01/2017,0.340909
21/07/2017,0.123288
27/01/2017,0.0634921
18/04/2016,0.12
11/10/2017,0.173077
06/10/2017,0.12963
03/06/2016,0.340426
26/02/2017,0.166667
09/10/2016,0.148649
30/01/2016,0.156863
30/10/2016,0.1
22/03/2016,0.127273
12/03/2017,0.190476
11/04/2016,0.155039
05/04/2016,0.16
24/06/2016,0.195
26/08/2017,0.137931
05/07/2017,0.344262
2017-05-03,0.286765
23/09/2016,0.319149
13/07/2016,0.119565
22/03/2016,0.142857
02/02/2017,0.25
24/06/2017,0.128571
02/02/2018,0.230769
17/03/2017,0.278846
19/11/2015,0.149425
15/02/2016,0.15534
26/01/2016,0.121212
07/10/2017,0.253165
08/08/2017,0.189474
09/07/2016,0.222222
17/03/2017,0.268293
28/07/2017,0.091954
23/04/2017,0.229885
16/04/2016,0.342105
05/04/2016,0.0350877
03/09/2016,0.170732
27/11/2017,0.176471
05/10/2017,0.18
2017-06-28,0.0967742
17/09/2016,0.146341
04/12/2016,0.142857
12/12/2015,0.109589
15/04/2016,0.197183
20/02/2017,0.25
11/06/2016,0.180328
06/09/2016,0.243243
23/09/2017,0.322807
10/12/2015,0.114286
31/08/2016,0.168067
08/12/2017,0.172727
17/04/2016,0.0985916
25/05/2017,0.173913
05/10/2017,0.166667
06/09/2017,0.173913
15/06/2016,0.113821
29/07/2016,0.191489
24/01/2016,0.176471
06/01/2016,0.269231
20/07/2016,0.168675
02/12/2015,0.157143
18/11/2016,0.348485
07/07/2017,0.149254
17/02/2017,0.1875
03/10/2016,0.151515
17/03/2016,0.162791
20/01/2017,0.170455
13/11/2017,0.213333
06/05/2016,0.186275
21/01/2018,0.137931
25/10/2017,0.292683
17/04/2017,0.323944
27/10/2017,0.108696
16/12/2016,0.255814
06/04/2017,0.190476
11/09/2017,0.270833
2017-05-03,0.304762
28/07/2016,0.172043
05/10/2016,0.119403
06/09/2017,0.301724
08/06/2016,0.0652174
12/12/2017,0.253968
03/04/2016,0.411111
17/04/2016,0.145833
05/07/2016,0.127907
17/08/2016,0.247788
09/02/2017,0.148649
08/12/2016,0.139535
2017-03-03,0.246154
08/01/2018,0.269841
23/12/2015,0.294118
15/06/2017,0.269076
25/02/2016,0.120879
2017-06-28,0.19403
13/04/2017,0.210084
2017-05-18,0.104651
23/05/2016,0.0897436
24/05/2017,0.246154
10/12/2015,0.122137
27/04/2017,0.263158
02/07/2017,0.151515
07/01/2016,0.178295
20/09/2017,0.325
16/03/2016,0.179104
31/01/2018,0.0875
2017-03-09,0.191489
26/11/2015,0.166667
09/07/2016,0.131579
04/06/2017,0.196721
20/09/2017,0.301282
08/08/2016,0.205882
09/07/2016,0.391304
13/01/2017,0.146667
28/06/2016,0.230216
01/11/2016,0.255319
19/08/2016,0.175
29/11/2017,0.354167
15/04/2016,0.262295
03/01/2017,0.220588
05/11/2016,0.134328
17/02/2016,0.302817
07/02/2017,0.170455
12/11/2017,0.275
06/09/2017,0.270833
18/04/2017,0.253333
24/04/2016,0.212121
11/07/2017,0.271186
2017-06-16,0.178344
03/12/2016,0.344828
13/11/2016,0.163636
2017-04-12,0.119565
17/04/2017,0.13253
05/10/2017,0.283582
06/06/2016,0.258621
16/03/2016,0.189189
16/01/2017,0.215054
15/08/2016,0.223881
22/06/2016,0.182692
08/09/2016,0.12037
05/04/2017,0.204724
23/05/2017,0.13986
18/07/2016,0.117647
08/12/2015,0.117647
19/11/2015,0.428571
10/06/2016,0.236051
2016-12-12,0.246575
06/11/2015,0.329412
2017-02-21,0.171429
23/05/2016,0.197917
18/03/2016,0.333333
03/11/2016,0.182927
30/01/2016,0.210526
26/10/2016,0.122807
05/09/2016,0.192308
18/07/2016,0.119403
28/12/2016,0.16092
13/09/2016,0.233333
14/09/2017,0.205674
08/03/2016,0.362832
25/06/2016,0.248276
19/04/2017,0.159763
08/11/2015,0.178571
2017-07-05,0.292398
03/01/2017,0.146667
31/08/2016,0.115385
16/08/2016,0.26
20/09/2017,0.261146
2017-03-07,0.280992
04/04/2017,0.288136
21/06/2017,0.185567
26/09/2017,0.288
25/04/2017,0.230769
10/09/2016,0.155844
04/06/2016,0.357143
13/07/2016,0.243902
06/12/2015,0.125
23/06/2016,0.169492
30/06/2016,0.328767
06/03/2016,0.272727
26/10/2016,0.183673
02/10/2017,0.113924
16/06/2016,0.202899
18/08/2017,0.233333
12/10/2017,0.232558
05/01/2016,0.297872
16/07/2016,0.328947
09/05/2016,0.139535
25/01/2017,0.145455
21/07/2017,0.302326
13/06/2017,0.223529
09/11/2016,0.238095
13/01/2016,0.297872
16/04/2016,0.222222
02/01/2017,0.315789
30/11/2016,0.315789
29/11/2016,0.264151
26/08/2017,0.21978
2017-05-07,0.106195
23/11/2016,0.0851064
01/08/2017,0.241379
06/01/2017,0.146341
26/01/2017,0.37931
14/12/2016,0.333333
11/10/2016,0.197531
30/01/2018,0.246753
17/07/2016,0.244186
25/01/2018,0.367347
2017-04-19,0.309524
29/08/2016,0.1
2017-03-07,0.236842
10/03/2016,0.125
08/12/2017,0.162791
31/05/2016,0.245283
15/03/2017,0.142857
06/01/2016,0.18705
04/03/2016,0.254372
07/09/2017,0.258503
2017-07-23,0.265372
31/08/2016,0.201923
14/03/2017,0.214286
2017-08-28,0.210317
23/05/2017,0.229167
26/04/2016,0.197368
30/08/2017,0.191781
28/01/2018,0.227273
05/09/2017,0.22619
26/04/2017,0.262774
09/04/2017,0.125
31/01/2018,0.216667
04/10/2016,0.225
21/10/2017,0.198276
21/06/2017,0.0
20/08/2017,0.234043
21/06/2016,0.19697
18/11/2015,0.216981
01/02/2018,0.236842
25/04/2017,0.108108
01/05/2017,0.205479
17/07/2017,0.177419
27/04/2017,0.239796
2017-03-05,0.140187
04/03/2016,0.278689
03/11/2016,0.153846
22/06/2017,0.212598
18/03/2017,0.361111
29/01/2016,0.0909091
26/03/2017,0.175325
21/11/2016,0.333333
05/01/2016,0.296296
08/07/2016,0.151899
08/01/2016,0.113636
26/05/2016,0.147727
23/01/2018,0.211765
05/04/2016,0.232323
10/04/2016,0.205128
24/07/2016,0.333333
18/11/2017,0.285714
21/02/2017,0.225
01/02/2016,0.366667
18/03/2016,0.225
02/02/2018,0.263158
09/11/2015,0.181818
17/01/2017,0.177778
2017-06-07,0.0763359
24/01/2017,0.230769
29/09/2017,0.333333
22/12/2017,0.1875
04/03/2016,0.1
05/01/2017,0.181034
18/08/2016,0.267606
2017-06-25,0.301887
18/05/2017,0.229167
28/10/2016,0.402062
03/01/2017,0.153846
19/05/2016,0.192771
08/07/2017,0.231707
23/01/2018,0.183333
17/05/2017,0.210526
2017-03-11,0.178082
14/08/2016,0.111111
27/04/2017,0.181818
2017-08-02,0.220096
08/08/2017,0.282258
03/03/2017,0.170213
11/12/2015,0.293103
11/11/2015,0.195652
18/03/2016,0.0909091
17/04/2017,0.365079
10/12/2016,0.12
05/11/2015,0.170732
27/01/2017,0.101449
2017-02-04,0.135593
07/12/2017,0.404255
21/08/2016,0.226415
29/01/2017,0.2
30/03/2017,0.173077
04/01/2016,0.605263
2017-06-07,0.157303
08/09/2017,0.194444
12/05/2016,0.151899
07/04/2016,0.155172
03/06/2017,0.18
11/09/2017,0.267974
08/04/2017,0.305556
21/12/2017,0.127273
06/11/2015,0.228571
11/07/2017,0.301205
22/02/2017,0.173913
23/02/2016,0.15
25/01/2018,0.215686
18/04/2016,0.175439
01/05/2016,0.0952381
22/01/2017,0.27619
05/01/2017,0.333333
2017-02-05,0.148148
30/01/2017,0.166667
28/01/2018,0.142857
09/05/2016,0.176471
08/04/2017,0.213333
03/06/2016,0.22449
24/11/2015,0.115789
20/07/2016,0.0
19/01/2018,0.165217
02/08/2016,0.181818
31/01/2018,0.267857
24/05/2017,0.19469
2017-06-02,0.2
01/11/2016,0.333333
25/07/2016,0.21875
02/12/2015,0.163636
21/11/2016,0.11875
01/01/2017,0.1
21/10/2016,0.231884
2017-03-13,0.227273
27/08/2016,0.26087
2017-06-06,0.186813
08/12/2015,0.2375
16/10/2016,0.153846
22/09/2017,0.193878
31/08/2017,0.14
01/04/2016,0.101124
09/08/2016,0.0543478
24/03/2016,0.225806
2017-07-01,0.245902
27/01/2016,0.433962
2017-08-05,0.195122
21/08/2017,0.22093
13/01/2018,0.16129
04/08/2016,0.19697
03/12/2015,0.178082
09/08/2017,0.0204082
15/12/2016,0.142857
02/05/2016,0.220779
13/11/2017,0.22807
21/09/2017,0.223404
03/10/2016,0.16
2017-02-11,0.232877
10/02/2016,0.242424
16/02/2017,0.222222
13/05/2017,0.191083
17/04/2017,0.213483
26/05/2017,0.210526
16/09/2017,0.262295
24/07/2016,0.117647
04/03/2016,0.107143
09/03/2017,0.1875
21/12/2015,0.142857
28/04/2016,0.132075
05/09/2017,0.210526
22/05/2017,0.097561
14/10/2016,0.2
01/06/2016,0.228916
26/11/2017,0.318584
2017-02-05,0.191429
17/03/2016,0.145833
05/04/2016,0.12
01/11/2016,0.254902
24/06/2016,0.169492
27/12/2015,0.25
2017-09-08,0.174129
23/07/2017,0.292453
08/11/2017,0.22963
02/05/2016,0.238095
03/10/2016,0.0898876
18/05/2016,0.113208
01/07/2017,0.205882
07/11/2015,0.164706
19/10/2016,0.111111
05/05/2017,0.391813
31/08/2016,0.0909091
15/04/2017,0.254902
31/10/2016,0.521739
26/02/2017,0.133333
01/06/2017,0.305085
30/08/2016,0.2
02/03/2017,0.246154
18/10/2017,0.21875
11/03/2016,0.215686
13/01/2016,0.132075
27/04/2017,0.235294
2017-05-06,0.425532
29/01/2016,0.234568
12/01/2017,0.214286
05/11/2015,0.198198
15/12/2016,0.121951
22/05/2017,0.428571
29/03/2016,0.173913
18/05/2016,0.20339
14/06/2016,0.142857
21/02/2017,0.141026
05/10/2017,0.194245
29/06/2016,0.144928
18/01/2017,0.205128
01/03/2017,0.24
23/02/2017,0.190476
02/02/2017,0.168675
01/06/2016,0.152542
06/06/2016,0.288136
06/08/2017,0.0588235
01/12/2016,0.271739
03/01/2018,0.236515
29/08/2017,0.247312
03/05/2016,0.147059
16/06/2016,0.170213
11/12/2017,0.259259
09/03/2016,0.108696
25/11/2016,0.142857
29/12/2017,0.263736
2017-11-25,0.145833
2017-08-15,0.305556
20/04/2016,0.0
2017-02-24,0.192661
19/01/2016,0.0909091
16/08/2017,0.275862
03/07/2016,0.287671
14/06/2017,0.183673
02/10/2016,0.179487
12/10/2017,0.189655
26/08/2017,0.196429
06/04/2017,0.188406
05/05/2016,0.266667
24/11/2015,0.216867
22/05/2017,0.142857
17/03/2016,0.26
26/02/2017,0.157025
24/03/2016,0.156522
2017-05-31,0.148649
19/07/2016,0.185185
24/06/2016,0.121212
09/09/2016,0.15873
19/02/2016,0.204082
12/05/2016,0.184211
19/06/2016,0.140351
22/02/2017,0.291339
15/10/2017,0.197719
25/06/2016,0.151515
31/05/2016,0.227273
08/05/2017,0.192982
01/09/2016,0.180328
07/05/2016,0.197368
30/01/2018,0.15677
29/01/2016,0.215385
13/01/2016,0.235294
14/09/2016,0.376238
07/12/2016,0.0892857
22/05/2017,0.139535
25/01/2018,0.254777
14/02/2016,0.203704
08/10/2017,0.251282
11/12/2015,0.219512
08/08/2017,0.320755
07/08/2016,0.114286
2017-05-26,0.219178
19/01/2017,0.30303
07/06/2017,0.266667
20/08/2017,0.408696
24/05/2017,0.142857
08/12/2015,0.291667
09/05/2016,0.166667
30/01/2017,0.155556
07/03/2017,0.196262
15/01/2018,0.319444
2017-02-18,0.268371
06/11/2017,0.192308
13/01/2016,0.419355
20/05/2016,0.197531
2017-02-25,0.255814
08/06/2016,0.264151
27/09/2017,0.246575
18/11/2015,0.126761
24/01/2017,0.209302
26/01/2018,0.394737
16/07/2017,0.258427
06/10/2016,0.129412
29/11/2016,0.1625
2017-11-24,0.151163
20/10/2016,0.18705
24/05/2017,0.142857
07/08/2017,0.296296
23/01/2016,0.307692
10/04/2016,0.227273
19/03/2016,0.232877
2017-06-09,0.145161
13/12/2017,0.139535
22/07/2017,0.21
17/03/2016,0.25
15/10/2017,0.266667
10/08/2016,0.20202
15/09/2017,0.303797
06/06/2017,0.09375
01/03/2016,0.188406
27/01/2017,0.192308
2017-05-09,0.1875
14/10/2016,0.133333
11/01/2018,0.22973
01/06/2017,0.247525
17/03/2016,0.326531
02/08/2017,0.178082
09/08/2017,0.230769
02/11/2016,0.172414
25/12/2016,0.294737
01/06/2017,0.234234
19/01/2016,0.217391
17/12/2016,0.264706
14/10/2016,0.305882
10/03/2016,0.241935
19/06/2017,0.26087
29/09/2017,0.222222
24/05/2016,0.19685
2017-06-28,0.248322
08/01/2016,0.144737
20/08/2017,0.209302
01/03/2017,0.253333
2017-09-08,0.275591
04/07/2016,0.233533
08/04/2016,0.167785
18/01/2017,0.35443
17/01/2018,0.22807
15/08/2016,0.0
2017-06-26,0.129794
22/03/2017,0.172414
04/02/2017,0.117647
06/03/2016,0.153846
19/10/2016,0.130435
2017-06-30,0.197674
20/06/2017,0.078125
28/04/2016,0.210526
15/04/2016,0.191781
26/09/2016,0.139535
24/10/2016,0.207317
28/01/2018,0.0892857
01/12/2016,0.169492
06/04/2017,0.236559
16/01/2017,0.144444
07/04/2016,0.247423
23/12/2016,0.188235
17/11/2016,0.20155
11/12/2017,0.0864198
2017-06-27,0.211864
14/01/2017,0.35
30/03/2017,0.0333333
17/01/2016,0.192308
31/03/2016,0.267857
02/09/2016,0.220339
14/06/2016,0.0923077
09/05/2016,0.173913
17/04/2017,0.245614
25/11/2017,0.368644
07/05/2016,0.130952
2017-05-12,0.220588
2017-05-02,0.305556
29/07/2016,0.146667
22/02/2017,0.2
04/01/2017,0.298701
24/09/2016,0.126984
18/04/2017,0.282051
23/11/2015,0.140625
15/11/2015,0.105263
02/04/2016,0.188235
30/08/2016,0.176471
16/07/2016,0.104167
29/01/2018,0.338462
20/10/2017,0.2
03/06/2017,0.16129
26/05/2016,0.192982
16/01/2016,0.254902
21/01/2016,0.193878
2017-11-27,0.129032
21/08/2016,0.171875
11/09/2016,0.181818
14/12/2016,0.256757
17/08/2017,0.325926
08/01/2018,0.162162
06/01/2016,0.293651
24/07/2017,0.229008
17/07/2016,0.238095
29/11/2017,0.261111
30/01/2017,0.0
21/06/2016,0.107143
17/03/2017,0.170213
25/01/2018,0.274194
07/06/2016,0.223684
12/05/2016,0.298246
25/11/2017,0.184211
11/06/2017,0.181818
12/07/2016,0.178571
10/12/2016,0.125
01/09/2017,0.12
13/01/2017,0.311258
31/08/2016,0.322581
02/04/2016,0.153846
25/08/2016,0.297297
15/10/2017,0.214022
08/12/2015,0.166667
11/07/2016,0.112554
19/04/2016,0.185714
04/03/2016,0.178571
21/01/2018,0.314815
02/02/2017,0.177215
19/10/2016,0.0714286
22/01/2018,0.113208
10/09/2017,0.198113
01/02/2018,0.363636
16/08/2017,0.25
04/10/2016,0.210526
15/05/2017,0.280702
2017-07-12,0.161491
09/07/2016,0.173077
15/01/2018,0.244019
01/04/2017,0.291139
19/05/2016,0.136752
30/06/2016,0.402439
08/01/2018,0.26087
20/03/2016,0.157143
04/02/2016,0.0930233
01/03/2016,0.148515
01/12/2015,0.0972222
04/01/2017,0.188679
19/05/2017,0.107692
04/06/2016,0.227273
30/11/2016,0.222222
15/01/2017,0.214286
10/05/2017,0.282051
13/06/2016,0.1875
19/11/2016,0.137931
26/10/2017,0.245283
07/01/2018,0.27381
25/04/2017,0.378947
08/01/2017,0.107692
05/09/2016,0.123457
18/10/2016,0.145833
12/06/2016,0.103896
27/07/2016,0.253012
11/01/2017,0.0512821
02/06/2016,0.0895522
02/02/2017,0.245614
03/05/2016,0.268657
29/08/2016,0.266667
22/06/2016,0.128205
11/04/2017,0.197531
27/10/2016,0.309859
19/04/2017,0.171429
21/01/2016,0.12
11/03/2016,0.2375
27/10/2017,0.108696
19/03/2017,0.341085
16/06/2017,0.168539
02/09/2017,0.255814
29/06/2016,0.222222
10/05/2016,0.179487
26/07/2017,0.222222
23/09/2016,0.0909091
13/10/2016,0.288889
10/12/2015,0.21875
11/01/2018,0.314815
04/02/2017,0.2
05/08/2016,0.17284
14/09/2017,0.145349
01/12/2016,0.108696
01/10/2017,0.2125
22/03/2016,0.057971
2017-11-30,0.263158
24/01/2017,0.209302
03/06/2017,0.166667
08/07/2016,0.242991
16/09/2017,0.25
18/06/2016,0.164179
16/03/2016,0.153846
12/06/2017,0.189189
2017-06-24,0.235669
25/06/2017,0.258621
28/08/2016,0.333333
07/12/2016,0.263158
12/07/2017,0.333333
29/02/2016,0.136752
25/01/2016,0.30303
07/01/2016,0.205882
01/03/2017,0.175439
18/10/2017,0.210682
18/02/2017,0.184466
14/02/2016,0.15625
02/05/2017,0.24031
04/11/2015,0.205882
28/07/2016,0.148515
23/01/2017,0.189873
05/05/2017,0.194444
11/08/2016,0.3
21/01/2016,0.139241
03/08/2017,0.308219
16/03/2016,0.375
18/08/2016,0.136986
22/03/2017,0.166667
21/03/2017,0.186667
14/11/2016,0.129032
22/05/2017,0.197917
19/04/2016,0.34
30/11/2016,0.2
05/07/2017,0.181818
20/07/2016,0.136364
14/09/2016,0.216667
2017-07-31,0.202797
11/08/2017,0.2
05/04/2017,0.232143
15/03/2016,0.205882
07/04/2017,0.294872
09/10/2017,0.192308
29/06/2017,0.155556
16/04/2016,0.185185
22/09/2017,0.38961
2017-07-07,0.254438
28/11/2017,0.165605
23/01/2017,0.169492
12/12/2017,0.242857
12/01/2016,0.116279
15/09/2017,0.255319
01/04/2016,0.118644
15/09/2016,0.25
13/02/2017,0.0746269
18/11/2016,0.176471
27/04/2016,0.103448
21/10/2016,0.0784314
09/04/2017,0.225
13/09/2017,0.333333
12/10/2016,0.152174
17/01/2017,0.335714
28/04/2017,0.426087
29/03/2016,0.173913
15/05/2017,0.214286
15/12/2015,0.115385
05/02/2016,0.178082
14/12/2017,0.245399
29/05/2016,0.216495
15/12/2016,0.142857
25/05/2016,0.0841122
01/11/2016,0.190476
15/09/2017,0.171053
01/09/2017,0.245098
04/06/2017,0.194313
08/08/2017,0.29703
19/01/2017,0.0454545
19/04/2017,0.0677966
08/08/2017,0.25
15/11/2015,0.172414
08/02/2017,0.229508
03/09/2016,0.19403
23/09/2017,0.302083
20/06/2016,0.15873
30/05/2017,0.1875
17/08/2016,0.0531915
14/12/2016,0.109091
02/04/2016,0.190476
04/01/2017,0.153846
20/01/2016,0.225641
03/12/2015,0.220779
16/02/2017,0.305085
26/01/2017,0.222222
16/12/2015,0.114286
17/11/2015,0.21875
01/08/2017,0.416667
14/01/2017,0.217391
15/01/2018,0.190909
17/06/2016,0.169492
17/06/2016,0.217687
12/10/2016,0.173913
09/09/2017,0.323529
30/07/2017,0.267857
11/08/2016,0.413333
28/01/2017,0.128205
12/11/2015,0.5
2017-06-03,0.283582
17/10/2017,0.236051
20/09/2016,0.371429
17/08/2017,0.273632
17/06/2016,0.219178
24/10/2017,0.181818
30/11/2015,0.129032
21/10/2017,0.333333
26/08/2016,0.28125
25/11/2017,0.203125
05/04/2016,0.157895
07/11/2017,0.236842
02/05/2017,0.264706
04/01/2018,0.166667
15/01/2016,0.166667
09/05/2016,0.229167
25/11/2015,0.266667
21/06/2016,0.198113
07/10/2016,0.186047
11/04/2016,0.173913
19/07/2016,0.238095
30/11/2015,0.214286
31/01/2018,0.242424
21/09/2016,0.109589
19/11/2016,0.241379
19/02/2016,0.139535
17/09/2016,0.3
07/01/2016,0.285714
19/11/2015,0.166667
14/01/2017,0.147059
08/01/2018,0.240741
02/05/2015,0.103093
05/10/2016,0.232143
16/04/2017,0.206522
10/08/2017,0.365079
23/05/2016,0.111111
12/04/2017,0.228916
19/01/2016,0.127273
05/12/2017,0.186992
08/01/2018,0.159664
21/06/2016,0.162162
15/08/2017,0.153846
03/11/2017,0.217391
20/04/2016,0.297468
14/04/2016,0.161765
07/05/2017,0.319149
06/09/2016,0.424242
14/06/2016,0.20354
18/10/2017,0.0645161
25/06/2016,0.0982143
09/04/2017,0.251282
12/05/2016,0.163265
2017-05-17,0.0412371
28/01/2017,0.24
09/07/2016,0.171717
03/10/2017,0.325
24/09/2017,0.409722
04/04/2017,0.130435
10/10/2015,0.319672
19/09/2017,0.23301
28/06/2016,0.075
20/07/2017,0.397727
19/01/2016,0.163462
06/04/2017,0.204545
08/01/2018,0.363636
27/07/2017,0.321429
31/05/2017,0.542253
22/09/2017,0.25625
14/12/2017,0.258065
21/01/2016,0.133333
03/06/2016,0.17284
2017-03-04,0.223684
08/09/2017,0.125
15/11/2016,0.109756
09/08/2016,0.12766
12/09/2016,0.266667
03/04/2017,0.22093
21/06/2016,0.216216
17/09/2017,0.212766
14/03/2017,0.101449
27/10/2017,0.164384
26/09/2016,0.160377
13/02/2017,0.0945946
2017-05-24,0.0526316
07/07/2017,0.375
13/09/2016,0.206897
11/04/2017,0.203883
29/05/2016,0.233333
12/08/2017,0.144231
30/03/2017,0.22449
05/03/2016,0.152941
05/10/2017,0.191781
25/07/2016,0.3
24/08/2016,0.255556
2017-03-14,0.0810811
04/10/2017,0.315385
30/05/2016,0.102041
19/01/2017,0.0983607
01/11/2016,0.233333
20/06/2016,0.1875
29/01/2016,0.293333
09/03/2017,0.235294
14/01/2018,0.219178
19/07/2017,0.170213
25/09/2017,0.253333
08/07/2017,0.289474
2016-12-11,0.150442
08/09/2017,0.29
22/01/2018,0.293651
29/03/2017,0.288288
17/10/2017,0.288462
29/08/2016,0.179487
17/05/2016,0.173077
20/03/2016,0.111111
25/06/2016,0.263158
01/01/2017,0.121951
12/12/2016,0.205357
19/06/2016,0.1
25/08/2017,0.255102
13/09/2016,0.160494
04/04/2016,0.134831
16/08/2016,0.309524
27/01/2017,0.115789
04/09/2017,0.304348
06/02/2017,0.246377
26/11/2016,0.242424
09/12/2015,0.141509
14/12/2015,0.114286
28/11/2016,0.25
05/05/2016,0.12
05/10/2016,0.3
19/11/2015,0.5
05/09/2016,0.104478
24/09/2017,0.220339
13/04/2016,0.258065
01/07/2016,0.263158
15/06/2016,0.160714
16/11/2015,0.226667
23/02/2017,0.0967742
06/09/2017,0.245509
06/11/2015,0.244898
05/12/2015,0.115044
05/03/2016,0.27027
21/01/2017,0.09375
25/01/2018,0.150943
02/08/2016,0.153846
25/05/2016,0.175
09/05/2016,0.283019
27/07/2017,0.198113
25/11/2015,0.195489
22/06/2016,0.342857
20/03/2016,0.15493
07/02/2017,0.111111
30/11/2016,0.0909091
31/10/2017,0.175676
08/12/2015,0.0666667
14/02/2017,0.189474
29/01/2016,0.173228
16/06/2017,0.22
08/06/2017,0.174419
16/03/2016,0.0952381
22/01/2016,0.268519
09/12/2015,0.292683
28/09/2017,0.207921
28/10/2016,0.219697
07/07/2017,0.181818
04/12/2015,0.113636
24/02/2017,0.15873
10/11/2015,0.13986
01/02/2016,0.150685
09/06/2016,0.308824
04/05/2016,0.181818
20/04/2017,0.194444
24/01/2018,0.133333
21/09/2017,0.158537
29/11/2015,0.194444
2017-07-12,0.177083
31/08/2017,0.125
22/01/2016,0.189189
07/06/2017,0.454545
16/06/2016,0.173469
30/01/2017,0.275
29/04/2016,0.274194
09/12/2015,0.208333
17/12/2015,0.0
2017-01-30,0.20155
26/08/2017,0.278689
09/03/2017,0.169811
2017-05-28,0.24
16/06/2016,0.179487
19/08/2017,0.2875
02/04/2016,0.091954
06/06/2017,0.235294
17/04/2017,0.329114
2017-06-22,0.280576
07/08/2016,0.153153
10/12/2016,0.295455
28/11/2016,0.192308
2016-10-28,0.210191
18/11/2016,0.108911
24/01/2018,0.105263
01/12/2016,0.228916
20/05/2017,0.202532
17/11/2015,0.3
13/11/2017,0.233333
06/01/2016,0.25
28/10/2016,0.169811
04/04/2016,0.145455
20/05/2016,0.121212
2017-08-24,0.201258
21/01/2017,0.163934
12/03/2016,0.196078
10/05/2016,0.204082
02/08/2017,0.327869
07/04/2017,0.35514
04/03/2016,0.101695
11/01/2018,0.288462
06/10/2016,0.0357143
12/07/2016,0.246032
19/01/2018,0.25
17/10/2016,0.225352
20/11/2016,0.166667
27/02/2016,0.218182
23/10/2017,0.101266
01/01/2018,0.211538
23/07/2016,0.207317
10/05/2016,0.25
13/09/2017,0.192308
29/02/2016,0.202381
23/02/2017,0.0898876
06/04/2016,0.3
21/05/2017,0.19403
12/02/2016,0.22619
22/12/2015,0.075
17/11/2015,0.211155
16/11/2015,0.219512
17/07/2016,0.285714
20/06/2016,0.19697
19/10/2017,0.21978
28/11/2016,0.109589
08/02/2017,0.227273
06/10/2017,0.38843
06/05/2017,0.207547
06/01/2018,0.146667
23/01/2016,0.206349
07/12/2017,0.227273
15/10/2017,0.225806
09/02/2016,0.25
04/03/2016,0.269565
22/10/2017,0.226891
2017-04-02,0.160839
23/02/2016,0.162963
02/10/2016,0.21875
16/08/2016,0.347826
19/03/2016,0.177215
29/07/2016,0.185714
16/06/2016,0.196721
06/01/2017,0.0909091
01/12/2015,0.235294
10/04/2017,0.307692
05/12/2015,0.276423
02/04/2017,0.220588
08/12/2015,0.238462
2017-03-03,0.125
03/10/2017,0.178862
21/10/2016,0.264706
09/12/2017,0.2
2017-06-03,0.15
29/08/2016,0.170213
11/04/2016,0.262295
10/12/2016,0.0625
15/01/2017,0.147059
18/07/2017,0.05
15/03/2017,0.219178
04/01/2018,0.253968
12/01/2016,0.194175
11/12/2016,0.157895
31/05/2016,0.136842
05/10/2016,0.205882
18/10/2016,0.196078
07/02/2017,0.163636
02/12/2017,0.204819
25/05/2016,0.2
31/01/2018,0.129412
04/12/2016,0.178571
20/05/2017,0.163462
22/01/2017,0.14
07/07/2016,0.142857
02/09/2017,0.130435
2017-02-06,0.306122
06/03/2017,0.318182
28/04/2016,0.263158
17/04/2016,0.151515
18/07/2016,0.104167
09/05/2016,0.157895
2017-05-27,0.188235
19/07/2017,0.336634
02/09/2016,0.173913
17/08/2017,0.191489
19/03/2016,0.222222
06/05/2016,0.0694444
04/04/2016,0.142857
30/08/2016,0.0731707
05/02/2016,0.162963
2017-02-11,0.261538
01/02/2018,0.111111
06/02/2017,0.216981
16/07/2016,0.116667
20/11/2015,0.212121
25/07/2016,0.0
18/05/2016,0.130952
18/05/2017,0.0714286
10/05/2016,0.230769
23/08/2016,0.16
11/03/2017,0.123288
26/11/2015,0.207547
06/03/2017,0.15942
04/02/2016,0.273585
30/01/2018,0.189655
17/06/2016,0.1875
2017-12-06,0.268817
16/03/2016,0.115942
20/11/2015,0.25
2017-05-22,0.317391
03/11/2016,0.131579
17/04/2017,0.267857
04/07/2016,0.311688
05/07/2016,0.295455
01/01/2017,0.263158
14/01/2016,0.309524
15/12/2016,0.166667
10/08/2017,0.178571
2017-02-16,0.316667
14/02/2016,0.19685
31/01/2016,0.146789
01/08/2016,0.305882
18/10/2017,0.144928
31/07/2017,0.142857
09/11/2016,0.265306
22/11/2015,0.257732
30/01/2017,0.26087
27/05/2016,0.30303
04/04/2017,0.240741
28/09/2017,0.0869565
02/06/2016,0.122807
08/09/2016,0.203883
07/09/2016,0.142857
21/03/2016,0.122449
23/10/2017,0.235955
16/08/2016,0.2625
14/07/2017,0.4
24/06/2016,0.297297
2017-05-10,0.255319
13/11/2015,0.314815
05/09/2016,0.46
23/06/2016,0.0869565
03/04/2017,0.119403
19/08/2017,0.295082
06/12/2016,0.204082
01/04/2016,0.160714
05/04/2016,0.210526
01/02/2018,0.230769
29/09/2017,0.172414
10/06/2016,0.157895
12/12/2015,0.198113
16/07/2017,0.173913
08/11/2015,0.117647
21/12/2015,0.315789
19/09/2017,0.145833
13/08/2017,0.251534
24/11/2016,0.05
15/09/2016,0.156863
07/07/2017,0.211009
03/01/2017,0.22619
13/07/2016,0.11465
17/04/2016,0.257143
08/03/2016,0.207407
03/08/2016,0.144928
04/08/2017,0.146667
21/06/2016,0.118421
04/10/2017,0.195402
25/01/2017,0.269231
23/10/2016,0.189873
06/03/2017,0.213333
16/02/2016,0.317757
13/11/2017,0.342466
19/03/2016,0.135135
02/10/2017,0.178947
18/01/2017,0.170213
23/06/2017,0.181034
11/12/2017,0.221429
15/06/2016,0.243243
02/06/2017,0.185185
09/05/2016,0.163934
2017-08-15,0.25
14/10/2017,0.177215
09/11/2015,0.163462
19/07/2016,0.180723
04/04/2017,0.170455
31/08/2016,0.257143
12/08/2017,0.361111
28/01/2016,0.188034
26/07/2016,0.194805
25/09/2016,0.3125
01/09/2016,0.272727
06/09/2016,0.329897
08/04/2016,0.135593
30/01/2017,0.149123
22/01/2017,0.240506
19/10/2017,0.211009
04/01/2017,0.333333
16/03/2016,0.252874
10/01/2017,0.267442
07/12/2015,0.375723
29/10/2016,0.267442
27/02/2017,0.263158
05/09/2017,0.425
21/10/2016,0.215686
20/11/2015,0.29703
28/01/2017,0.181818
04/10/2017,0.163636
24/08/2017,0.0
19/01/2018,0.151515
19/11/2017,0.22093
22/01/2018,0.12766
05/10/2017,0.240876
01/02/2017,0.170732
04/08/2016,0.119403
27/06/2016,0.12766
21/01/2018,0.311688
2017-07-06,0.157895
10/05/2016,0.194444
16/03/2016,0.265823
31/05/2016,0.222222
2017-06-28,0.303226
01/10/2017,0.325758
01/08/2016,0.155844
31/07/2017,0.473684
24/01/2017,0.134146
30/06/2016,0.139535
19/04/2016,0.346939
08/12/2017,0.173913
29/01/2016,0.164179
21/01/2018,0.184211
2017-02-11,0.137778
19/04/2017,0.153846
27/06/2017,0.22093
02/08/2016,0.132743
18/03/2017,0.19469
09/12/2015,0.211864
02/08/2016,0.190476
12/07/2016,0.21875
16/05/2017,0.350427
03/10/2015,0.179487
03/10/2017,0.277311
18/04/2016,0.119048
04/05/2016,0.12069
02/01/2017,0.2625
2017-02-20,0.20354
21/11/2016,0.214286
16/05/2016,0.166667
13/02/2017,0.111111
28/12/2017,0.166667
18/06/2017,0.277778
15/12/2015,0.141304
21/06/2017,0.169014
01/12/2015,0.0909091
03/06/2016,0.21519
18/04/2016,0.2
03/10/2017,0.227848
02/02/2016,0.1
15/11/2015,0.131944
20/02/2017,0.190476
06/09/2016,0.461538
27/07/2017,0.247191
2017-11-24,0.242718
17/11/2015,0.125
13/12/2017,0.301205
12/01/2018,0.228571
04/02/2017,0.193548
28/09/2017,0.311111
22/10/2017,0.182609
28/01/2016,0.141667
19/03/2017,0.362745
09/03/2017,0.163636
12/02/2016,0.339286
17/03/2016,0.306748
06/02/2017,0.177778
06/06/2017,0.222222
08/11/2015,0.105263
27/01/2018,0.232558
09/02/2016,0.346667
19/02/2016,0.144928
05/09/2016,0.288889
2017-09-08,0.265537
07/02/2016,0.283784
25/01/2018,0.227848
18/01/2017,0.2
02/08/2016,0.1875
13/09/2016,0.103448
16/06/2016,0.161765
23/06/2016,0.0625
22/01/2018,0.326087
15/06/2016,0.194444
07/07/2016,0.117647
23/11/2016,0.15625
13/12/2016,0.135593
29/06/2016,0.114754
08/07/2017,0.126437
22/11/2016,0.117647
18/09/2016,0.203704
2017-08-12,0.147368
18/10/2017,0.210526
13/09/2016,0.326923
25/08/2016,0.180328
19/12/2017,0.294118
02/04/2017,0.130952
20/01/2016,0.170732
12/03/2016,0.3125
02/08/2017,0.22973
04/11/2016,0.238462
2017-02-13,0.228571
2017-01-30,0.227848
18/02/2016,0.2
29/12/2015,0.157895
03/01/2016,0.25
07/03/2016,0.213115
30/03/2016,0.38983
08/02/2017,0.154472
13/11/2016,0.25
16/08/2016,0.131148
04/09/2017,0.229508
26/03/2016,0.255319
02/02/2017,0.12037
10/05/2016,0.283019
18/04/2017,0.09375
18/05/2016,0.214286
2017-02-11,0.170732
2017-07-12,0.217391
16/04/2016,0.208333
25/11/2015,0.0945946
12/02/2017,0.226415
13/07/2016,0.0576923
06/07/2017,0.1625
30/11/2016,0.193548
18/01/2017,0.2
05/09/2017,0.309278
02/06/2017,0.23913
06/06/2016,0.0909091
01/04/2016,0.152174
02/06/2016,0.103448
04/05/2016,0.125
11/12/2015,0.0
04/11/2017,0.166667
19/01/2017,0.220588
2017-07-02,0.174497
2017-09-20,0.205882
06/02/2016,0.311321
29/05/2016,0.103448
24/05/2017,0.333333
01/12/2015,0.197674
25/04/2017,0.127451
12/06/2017,0.111111
08/01/2018,0.1
14/11/2017,0.268657
27/01/2016,0.179487
14/01/2016,0.264368
13/07/2016,0.175439
24/08/2016,0.13913
03/06/2017,0.328571
08/01/2016,0.160584
29/02/2016,0.166667
12/09/2017,0.26087
05/08/2017,0.189655
27/12/2015,0.1875
10/07/2016,0.111111
09/07/2016,0.192308
29/06/2017,0.179104
28/04/2016,0.222222
23/07/2017,0.284091
13/12/2016,0.161765
07/06/2016,0.157143
12/06/2016,0.204082
21/07/2017,0.216216
18/07/2017,0.325
10/07/2016,0.147826
01/11/2016,0.30137
04/01/2018,0.162162
26/03/2016,0.153846
2017-12-06,0.236842
24/05/2017,0.111111
17/08/2016,0.40404
22/07/2016,0.155556
15/10/2017,0.194915
23/03/2016,0.121212
2017-05-23,0.12782
24/04/2017,0.241379
28/04/2016,0.305556
13/06/2016,0.230769
03/08/2017,0.147368
09/03/2016,0.161017
22/06/2017,0.239583
17/08/2017,0.191919
2017-06-11,0.15873
06/04/2017,0.142857
24/07/2016,0.27907
09/10/2017,0.246753
2017-02-21,0.175676
30/04/2017,0.138298
28/06/2017,0.372549
04/04/2017,0.220779
05/08/2016,0.22093
08/08/2016,0.168831
03/08/2016,0.117647
26/06/2017,0.148148
16/08/2017,0.130435
05/12/2016,0.243902
03/10/2016,0.145161
04/10/2017,0.211268
30/01/2018,0.166667
30/09/2017,0.267327
17/01/2017,0.254545
27/10/2016,0.25
20/10/2016,0.222756
18/03/2017,0.321429
16/05/2017,0.300752
23/03/2017,0.265823
05/02/2016,0.157143
15/01/2017,0.111111
22/01/2017,0.27451
10/05/2017,0.223881
12/04/2016,0.481481
12/01/2018,0.256198
2017-02-02,0.191489
07/07/2017,0.26087
26/05/2016,0.166667
12/03/2016,0.0916667
15/12/2015,0.137097
02/01/2017,0.0357143
29/07/2017,0.184783
01/01/2016,0.215686
19/05/2017,0.131579
2017-05-11,0.243243
22/04/2017,0.145833
26/09/2016,0.162791
27/05/2017,0.148649
25/09/2017,0.176
20/04/2016,0.203704
02/02/2016,0.132075
24/02/2016,0.114583
06/09/2016,0.215909
25/08/2016,0.154412
24/01/2018,0.210526
10/05/2016,0.2
2017-08-12,0.314642
25/08/2016,0.233766
10/04/2017,0.12069
18/07/2016,0.135135
21/02/2017,0.271845
03/12/2017,0.241935
08/07/2017,0.209205
09/02/2016,0.153846
2017-03-06,0.338462
30/05/2017,0.179245
25/01/2018,0.0985916
10/05/2017,0.25
08/01/2017,0.102941
2017-07-02,0.269231
01/07/2017,0.263736
09/12/2015,0.141593
20/11/2017,0.255814
07/12/2015,0.166667
29/03/2016,0.117647
09/05/2016,0.33871
24/11/2015,0.293333
09/10/2017,0.159722
22/08/2017,0.162281
18/06/2016,0.113924
29/07/2017,0.140845
19/11/2016,0.263566
05/11/2017,0.381295
08/01/2018,0.15625
28/04/2017,0.322835
08/05/2017,0.18
08/12/2015,0.33515
18/11/2015,0.204082
18/12/2017,0.263889
23/01/2017,0.137931
20/03/2016,0.169811
05/04/2017,0.104167
13/08/2016,0.17094
14/10/2017,0.388889
21/08/2017,0.285714
05/05/2016,0.125
03/12/2016,0.198529
24/11/2016,0.14
26/01/2018,0.204545
2017-05-22,0.180451
24/10/2017,0.176
02/06/2017,0.215909
17/01/2017,0.220339
21/05/2017,0.0980392
18/02/2017,0.338028
24/03/2017,0.141176
26/04/2017,0.136364
19/01/2017,0.204082
2017-05-08,0.348837
2017-03-13,0.244444
2017-10-03,0.293103
05/09/2016,0.223881
05/09/2015,0.04
06/07/2016,0.171875
17/03/2016,0.226667
30/08/2017,0.277228
23/08/2016,0.12
25/06/2016,0.138462
08/11/2015,0.244898
16/08/2016,0.348485
23/09/2016,0.197368
09/06/2017,0.0612245
03/02/2016,0.114035
05/11/2016,0.227074
24/09/2017,0.36875
02/04/2016,0.1
20/12/2016,0.245283
20/09/2016,0.0344828
04/10/2017,0.244681
27/12/2017,0.291667
03/03/2016,0.175676
2017-02-11,0.246753
03/11/2016,0.323077
25/05/2016,0.175
11/08/2016,0.225
13/09/2012,0.170213
2017-02-09,0.222222
14/10/2016,0.264706
13/04/2016,0.0677966
17/03/2016,0.108696
13/01/2016,0.101911
16/02/2017,0.185185
09/12/2016,0.126582
24/08/2017,0.195122
13/02/2017,0.241379
13/09/2017,0.24
26/11/2015,0.163265
09/01/2018,0.223077
20/01/2016,0.1875
24/09/2017,0.323308
28/06/2016,0.222222
10/10/2016,0.160714
19/03/2016,0.1875
10/05/2016,0.25
23/03/2017,0.2
13/12/2016,0.309091
11/06/2017,0.173469
25/07/2016,0.216
07/04/2017,0.27451
19/02/2017,0.232877
28/10/2016,0.219512
16/02/2016,0.248175
15/12/2016,0.264151
19/07/2016,0.33945
15/08/2017,0.253333
18/01/2018,0.0784314
28/09/2017,0.22619
03/05/2017,0.271186
24/01/2017,0.358696
19/09/2017,0.247423
10/03/2016,0.0704225
21/07/2016,0.345455
13/02/2017,0.241935
08/03/2016,0.25
2017-06-08,0.176471
04/09/2016,0.125
2017-07-07,0.176991
25/05/2017,0.267857
24/03/2016,0.374101
17/07/2017,0.186047
13/06/2016,0.137931
13/09/2017,0.216216
25/09/2017,0.306667
24/11/2017,0.18018
25/12/2015,0.206522
27/09/2017,0.246914
2017-08-08,0.184615
17/08/2016,0.142857
15/06/2016,0.118644
08/01/2017,0.229167
15/11/2017,0.2
26/11/2017,0.319444
20/04/2016,0.0833333
2016-10-03,0.221429
06/09/2017,0.381443
08/08/2017,0.283019
29/07/2016,0.19697
03/01/2017,0.296875
11/03/2017,0.190476
02/09/2016,0.290323
18/03/2016,0.237624
2017-08-03,0.142857
16/08/2016,0.212121
19/01/2017,0.05
28/07/2016,0.306306
30/11/2017,0.209677
2017-02-05,0.1625
02/12/2016,0.19403
25/01/2016,0.252874
22/01/2018,0.240741
01/09/2016,0.270833
12/12/2015,0.183333
04/05/2016,0.13253
2017-03-10,0.232143
16/10/2017,0.181818
25/01/2016,0.212389
16/09/2017,0.173077
13/11/2015,0.0
01/10/2015,0.151261
09/11/2015,0.25
17/01/2018,0.216216
09/10/2017,0.311966
11/03/2016,0.189655
02/01/2017,0.175439
25/01/2017,0.235294
04/11/2016,0.387097
13/03/2017,0.245283
12/07/2017,0.304348
19/10/2017,0.115942
08/07/2016,0.306667
21/03/2017,0.0555556
17/03/2017,0.188119
11/12/2015,0.283186
03/02/2016,0.142857
24/05/2016,0.269231
22/07/2016,0.0909091
2017-08-04,0.177632
12/07/2016,0.207792
05/10/2017,0.225
04/05/2016,0.122807
11/06/2017,0.157407
11/03/2017,0.349206
22/09/2016,0.115385
04/01/2018,0.25
09/05/2017,0.166667
16/03/2016,0.255814
16/05/2017,0.242991
11/12/2017,0.351515
11/08/2017,0.101695
27/12/2015,0.20122
03/10/2017,0.254545
20/07/2016,0.175439
22/02/2016,0.148936
09/10/2016,0.245283
28/01/2018,0.268657
02/12/2017,0.27451
16/02/2017,0.0952381
25/08/2016,0.238806
09/08/2016,0.208333
12/01/2018,0.345455
11/05/2016,0.155172
10/04/2017,0.170732
22/11/2015,0.205882
18/07/2017,0.257426
11/04/2016,0.0689655
31/08/2016,0.133333
02/08/2016,0.223684
20/09/2016,0.14
16/01/2018,0.242424
25/08/2016,0.386364
05/12/2017,0.181818
17/01/2017,0.243243
21/10/2016,0.202703
20/01/2018,0.1
09/10/2017,0.27551
14/12/2017,0.22807
30/06/2016,0.210526
17/12/2015,0.233766
07/06/2016,0.159091
19/03/2016,0.357143
07/04/2017,0.125
07/12/2016,0.2
23/05/2016,0.173913
15/07/2017,0.180556
11/06/2016,0.106796
18/05/2016,0.15
30/12/2015,0.233333
21/05/2017,0.195652
11/12/2017,0.24
2017-06-22,0.184615
23/06/2016,0.24
2016-12-14,0.146497
22/09/2016,0.22
22/10/2016,0.0
31/08/2017,0.285714
02/10/2016,0.161677
10/07/2016,0.219512
15/08/2017,0.223529
22/09/2017,0.146341
16/09/2016,0.372093
23/09/2017,0.165354
05/12/2015,0.432432
08/12/2015,0.0
13/06/2017,0.229508
16/06/2016,0.148936
26/07/2016,0.191489
14/04/2017,0.0731707
16/02/2017,0.0576923
12/12/2015,0.194444
2017-05-19,0.155556
28/04/2017,0.304348
17/01/2016,0.0943396
25/10/2016,0.229508
30/06/2016,0.169231
26/09/2017,0.272727
22/09/2016,0.172414
26/11/2016,0.196429
02/05/2016,0.283019
04/05/2016,0.1
22/06/2016,0.19697
26/03/2016,0.0769231
25/11/2015,0.306452
06/02/2017,0.184615
29/06/2017,0.392857
29/09/2017,0.242424
18/10/2016,0.24359
24/06/2016,0.117647
19/08/2016,0.103774
20/11/2015,0.283333
24/01/2016,0.181818
21/05/2016,0.0808081
28/03/2017,0.277778
27/04/2017,0.30303
12/07/2017,0.0909091
25/10/2017,0.2
18/01/2018,0.14433
27/01/2017,0.322034
25/11/2016,0.0
20/09/2017,0.234043
18/11/2015,0.125
24/11/2016,0.305085
11/02/2017,0.166667
2017-08-02,0.271739
17/08/2017,0.272727
23/09/2017,0.156863
04/09/2016,0.15942
20/10/2016,0.228571
2017-08-05,0.353741
04/01/2016,0.181818
02/09/2016,0.193878
20/09/2016,0.155172
08/01/2018,0.273632
19/12/2016,0.101695
11/10/2016,0.166667
06/05/2016,0.190476
18/11/2015,0.146667
14/08/2017,0.244898
03/01/2016,0.208333
16/06/2017,0.215385
28/07/2016,0.108696
25/07/2017,0.268293
02/06/2016,0.21875
07/07/2016,0.127273
14/10/2015,0.259259
22/03/2016,0.183333
01/04/2017,0.342857
22/01/2016,0.121739
2017-02-20,0.189873
07/11/2016,0.236559
19/10/2017,0.0630631
12/09/2017,0.405405
28/11/2015,0.24
14/04/2017,0.28
24/06/2016,0.0606061
20/01/2016,0.113402
03/09/2017,0.182692
24/04/2017,0.257732
26/11/2016,0.428571
13/07/2016,0.159574
08/07/2016,0.208955
23/09/2016,0.207207
16/11/2016,0.173913
23/05/2017,0.103448
16/12/2016,0.12987
12/08/2017,0.335106
2017-08-01,0.221429
14/10/2016,0.133333
12/12/2017,0.328125
14/01/2017,0.181818
17/03/2016,0.242424
2017-02-15,0.201613
21/03/2016,0.364532
29/02/2016,0.148148
08/01/2017,0.322034
29/08/2016,0.097561
09/01/2018,0.125
10/03/2017,0.132353
27/09/2017,0.182609
29/08/2016,0.145455
11/11/2015,0.111111
19/06/2016,0.202532
25/07/2016,0.244898
2017-02-21,0.214286
30/03/2016,0.254545
27/12/2017,0.275862
23/06/2016,0.309524
16/07/2016,0.228758
2017-06-26,0.12
26/04/2017,0.266667
09/06/2016,0.25
2017-03-14,0.21978
23/04/2016,0.24
28/09/2017,0.123288
11/01/2017,0.170213
27/07/2016,0.139535
10/06/2017,0.0689655
26/01/2018,0.173913
02/08/2016,0.236559
14/12/2017,0.257353
20/09/2017,0.0615385
30/11/2016,0.0
10/09/2016,0.28
09/12/2016,0.210526
21/07/2016,0.152174
19/05/2016,0.254658
02/12/2016,0.222222
24/08/2016,0.190476
24/02/2017,0.218182
12/09/2016,0.0851064
17/06/2016,0.193548
05/04/2017,0.0833333
17/07/2017,0.216667
22/12/2016,0.253165
15/04/2017,0.333333
2017-05-30,0.213333
24/07/2016,0.226667
17/04/2016,0.107143
13/05/2016,0.253165
2017-03-01,0.204633
02/09/2017,0.20524
26/08/2016,0.341463
20/09/2017,0.23871
06/08/2017,0.234848
19/09/2016,0.261905
21/12/2016,0.305732
11/11/2015,0.232558
04/03/2017,0.355932
05/09/2016,0.28
2017-06-06,0.157658
28/04/2017,0.225352
06/12/2016,0.0847458
05/08/2016,0.158416
26/05/2017,0.142857
24/10/2016,0.203704
2017-06-07,0.295238
2017-04-07,0.224719
03/12/2017,0.282609
08/02/2017,0.315789
2017-09-22,0.381818
01/07/2016,0.0864198
28/03/2017,0.253012
25/11/2015,0.1875
23/11/2016,0.0735294
02/10/2017,0.219251
17/12/2016,0.0851064
15/12/2016,0.166667
18/03/2016,0.257143
24/01/2016,0.173333
22/08/2017,0.142857
10/12/2015,0.390071
27/10/2016,0.189189
14/03/2017,0.242857
22/01/2017,0.203704
10/02/2016,0.37037
23/03/2016,0.0533333
26/06/2016,0.173611
14/02/2017,0.139535
09/05/2016,0.222222
2017-06-01,0.213415
16/01/2018,0.13
06/12/2015,0.22093
01/09/2016,0.158537
04/09/2017,0.208
30/11/2016,0.209877
13/01/2017,0.163265
06/11/2017,0.335443
30/04/2017,0.131783
14/08/2016,0.182609
07/08/2016,0.148936
12/09/2016,0.1875
22/10/2016,0.0945946
18/01/2016,0.298246
10/09/2017,0.216216
15/08/2016,0.2
08/02/2016,0.251534
07/10/2017,0.232227
12/09/2017,0.1
28/01/2017,0.319328
30/08/2016,0.423077
24/04/2017,0.325301
04/02/2016,0.175439
16/07/2016,0.212121
31/08/2016,0.268293
12/03/2016,0.176471
2017-10-08,0.328125
02/07/2016,0.21519
06/12/2015,0.227273
2017-05-30,0.189474
07/07/2017,0.222222
16/10/2016,0.28
20/05/2017,0.0930233
03/02/2016,0.235294
21/05/2016,0.116667
18/06/2016,0.295082
13/10/2017,0.287879
02/05/2017,0.186047
18/12/2015,0.100917
11/06/2016,0.253333
30/06/2016,0.263158
2017-01-30,0.203704
16/08/2016,0.15
2017-07-03,0.19802
20/09/2016,0.296296
18/03/2017,0.245283
26/06/2016,0.219178
03/03/2017,0.111111
23/02/2016,0.17284
27/12/2017,0.22549
29/11/2017,0.351064
02/05/2016,0.181818
11/01/2017,0.136986
31/01/2018,0.135417
08/07/2016,0.208333
26/01/2017,0.210526
18/05/2017,0.222222
18/10/2016,0.025
09/06/2016,0.16
05/04/2017,0.260274
10/03/2016,0.0925926
17/11/2016,0.183908
16/04/2016,0.117647
20/04/2017,0.147059
21/06/2016,0.184615
10/10/2016,0.222222
30/10/2015,0.209302
07/11/2016,0.245283
08/07/2017,0.234043
15/12/2016,0.105263
23/05/2016,0.298246
01/03/2017,0.208333
29/04/2016,0.245902
16/02/2017,0.164384
02/07/2016,0.154762
10/05/2017,0.172185
17/06/2016,0.244444
29/08/2017,0.307692
10/01/2017,0.192308
06/08/2016,0.149606
30/06/2017,0.225225
08/01/2018,0.206897
01/01/2018,0.147059
08/08/2016,0.130435
2017-06-28,0.263158
04/04/2017,0.0978261
21/03/2016,0.202532
26/08/2017,0.185714
18/12/2015,0.159091
18/04/2017,0.189189
29/07/2016,0.216561
13/04/2016,0.122449
27/01/2017,0.202703
29/02/2016,0.263158
31/01/2018,0.197368
02/02/2018,0.161765
22/11/2015,0.182927
20/11/2016,0.14
12/09/2017,0.293103
19/09/2017,0.260274
22/06/2017,0.344444
18/05/2017,0.152941
17/04/2016,0.177778
29/07/2016,0.247191
15/09/2016,0.104651
10/01/2017,0.197674
15/09/2017,0.163043
22/12/2017,0.2
28/04/2016,0.188119
12/09/2017,0.3125
21/10/2017,0.0263158
2017-06-10,0.191176
21/04/2017,0.257426
2017-08-06,0.195652
28/06/2016,0.185714
07/01/2017,0.259259
23/11/2017,0.213235
30/09/2017,0.372549
06/04/2017,0.131579
16/06/2016,0.146341
08/09/2017,0.145833
22/09/2016,0.347826
25/01/2016,0.317073
25/02/2017,0.259259
08/01/2018,0.286822
01/11/2016,0.209524
27/11/2015,0.255144
14/02/2017,0.227273
19/08/2017,0.161616
05/12/2015,0.265625
01/05/2017,0.287356
21/03/2017,0.222222
09/05/2016,0.212766
06/07/2017,0.171429
27/10/2017,0.188525
21/07/2016,0.392157
19/11/2017,0.268817
12/12/2016,0.243478
17/08/2016,0.15
23/10/2016,0.153846
14/11/2016,0.208333
07/06/2017,0.362319
13/08/2017,0.41791
09/09/2017,0.280488
26/10/2016,0.0806452
13/11/2017,0.166667
30/08/2016,0.22449
21/01/2016,0.125
14/10/2016,0.166667
29/11/2016,0.230769
12/10/2017,0.216216
28/08/2017,0.208333
17/03/2016,0.1
22/01/2018,0.22973
08/12/2015,0.285714
18/01/2016,0.174312
24/08/2017,0.28125
09/05/2016,0.201923
02/12/2015,0.234043
19/10/2016,0.121212
26/09/2017,0.195122
20/06/2016,0.134831
13/10/2017,0.233871
02/12/2016,0.0851064
24/11/2016,0.166667
30/08/2016,0.372093
08/07/2017,0.171429
09/03/2016,0.21875
11/09/2017,0.30137
03/01/2017,0.144737
03/03/2016,0.137931
26/04/2016,0.244898
11/09/2016,0.102941
18/11/2015,0.232558
08/01/2017,0.151515
08/08/2016,0.117647
10/07/2016,0.129412
01/07/2017,0.1875
31/08/2017,0.203704
24/01/2017,0.285714
18/12/2016,0.157895
23/12/2015,0.243243
01/12/2016,0.0909091
04/12/2015,0.209302
04/08/2016,0.204762
19/09/2016,0.128205
2017-06-27,0.218978
08/08/2016,0.216216
15/08/2016,0.091954
08/07/2017,0.186667
05/04/2017,0.111111
14/01/2016,0.25
24/07/2017,0.153846
11/01/2017,0.208955
03/09/2017,0.405941
07/07/2016,0.263158
20/11/2017,0.348571
29/09/2017,0.183673
09/05/2016,0.211538
09/11/2016,0.232704
13/11/2016,0.387931
2017-02-02,0.163934
24/02/2017,0.161765
01/12/2016,0.202899
2017-03-12,0.290698
20/04/2016,0.150538
23/01/2018,0.1375
05/11/2016,0.126984
14/07/2016,0.148936
06/03/2017,0.161905
06/09/2017,0.243697
23/04/2017,0.391304
16/05/2016,0.0684932
25/10/2016,0.108108
29/10/2015,0.22973
09/05/2016,0.166667
28/07/2016,0.229508
25/08/2016,0.207547
03/03/2016,0.129032
18/04/2016,0.175439
16/01/2017,0.0
08/12/2016,0.356436
2017-06-05,0.19
07/01/2016,0.397436
10/05/2016,0.2
21/03/2016,0.128571
14/03/2017,0.211864
2017-06-10,0.134921
12/06/2016,0.0776699
13/06/2017,0.168421
11/08/2017,0.163636
12/12/2016,0.225806
28/06/2017,0.161765
11/07/2016,0.235294
12/11/2017,0.208955
24/06/2016,0.339286
01/04/2017,0.116279
04/05/2017,0.157895
20/01/2018,0.214286
27/06/2017,0.137255
18/07/2017,0.237288
26/01/2018,0.375
04/12/2015,0.352941
27/08/2017,0.223529
14/09/2017,0.297297
15/12/2015,0.205128
07/07/2017,0.139535
06/07/2016,0.239583
19/06/2016,0.178082
26/02/2016,0.0754717
15/10/2017,0.266272
03/02/2017,0.177419
25/01/2018,0.15942
17/05/2016,0.255319
27/11/2015,0.123967
24/11/2017,0.1
19/01/2016,0.113208
09/11/2015,0.16
29/07/2016,0.247191
2017-05-06,0.142857
16/11/2015,0.307143
17/07/2016,0.207921
16/08/2017,0.317143
09/09/2017,0.341176
17/05/2017,0.131579
01/06/2016,0.134021
07/04/2016,0.135802
11/01/2017,0.2
13/04/2017,0.204082
08/08/2017,0.078125
18/01/2018,0.25
22/02/2016,0.176471
22/06/2017,0.3
01/02/2016,0.15
01/12/2016,0.280576
10/12/2015,0.15625
10/02/2017,0.185185
24/03/2017,0.258824
15/04/2016,0.165049
14/12/2016,0.0851064
01/07/2016,0.130769
23/08/2017,0.257576
21/07/2016,0.350877
01/08/2016,0.193548
29/03/2016,0.127273
26/11/2016,0.518519
08/12/2015,0.107143
22/02/2017,0.297872
03/12/2016,0.148148
2017-11-27,0.253012
01/07/2016,0.266667
16/11/2016,0.139535
06/08/2016,0.237113
25/01/2018,0.125
29/05/2016,0.0789474
23/07/2017,0.178082
27/04/2016,0.272727
16/12/2015,0.196078
08/02/2016,0.169492
18/01/2017,0.276596
13/03/2017,0.233333
19/06/2016,0.178082
12/12/2015,0.178571
23/01/2018,0.198198
10/07/2017,0.225806
27/01/2017,0.174419
09/08/2016,0.206897
08/01/2017,0.176471
18/12/2015,0.221254
15/08/2017,0.25
23/09/2017,0.195402
14/02/2017,0.308642
13/08/2016,0.108434
21/06/2017,0.0740741
2017-04-13,0.140625
30/12/2015,0.195652
30/06/2016,0.135593
08/10/2017,0.267442
27/11/2015,0.241379
22/08/2017,0.123711
30/10/2016,0.186441
18/11/2017,0.239521
18/04/2016,0.114286
22/03/2016,0.309091
01/06/2016,0.163793
13/12/2017,0.176
20/01/2017,0.245283
08/04/2017,0.0909091
2017-05-21,0.177632
05/04/2016,0.243902
28/10/2017,0.327869
26/10/2017,0.214286
14/06/2016,0.135135
06/07/2016,0.148936
03/06/2017,0.261538
31/01/2018,0.248227
08/11/2015,0.208791
06/10/2016,0.126761
22/09/2016,0.142857
10/04/2017,0.138462
09/06/2017,0.134615
14/12/2016,0.243243
12/06/2016,0.297872
15/02/2016,0.22973
10/04/2016,0.12069
18/05/2017,0.0945946
11/07/2017,0.208333
08/03/2017,0.163636
06/07/2016,0.166667
05/07/2017,0.109091
06/10/2016,0.296875
26/10/2017,0.26506
07/11/2016,0.194444
12/09/2017,0.36
12/06/2016,0.223404
30/08/2016,0.130435
26/07/2016,0.24
09/05/2017,0.256098
09/05/2017,0.25
22/12/2015,0.305556
06/02/2017,0.135135
17/11/2016,0.220588
03/03/2016,0.171053
2017-02-06,0.191176
02/01/2018,0.305882
2017-06-17,0.263551
07/08/2016,0.486486
26/05/2016,0.201923
23/01/2018,0.166667
26/10/2016,0.25
03/10/2016,0.0612245
23/01/2016,0.259259
10/04/2017,0.203125
15/11/2015,0.157895
21/03/2016,0.132353
19/11/2015,0.0357143
28/08/2017,0.188889
20/09/2017,0.298077
12/04/2016,0.222222
13/11/2015,0.15873
10/08/2016,0.209524
26/12/2017,0.318841
22/11/2016,0.171429
10/08/2016,0.162791
25/04/2017,0.303571
06/08/2017,0.326389
29/07/2017,0.0
23/05/2017,0.0425532
01/06/2017,0.14
20/07/2017,0.28
02/12/2015,0.231405
10/12/2016,0.140625
19/04/2016,0.21519
08/03/2016,0.195122
27/05/2016,0.261905
19/11/2017,0.194245
07/07/2016,0.135417
26/01/2017,0.247059
13/05/2016,0.163636
23/03/2016,0.174757
06/02/2017,0.121212
02/01/2017,0.162791
15/08/2017,0.17284
06/02/2016,0.27907
17/06/2017,0.139535
23/11/2016,0.272727
17/04/2016,0.23913
25/05/2017,0.444444
02/09/2016,0.176471
04/07/2016,0.430769
05/09/2016,0.236364
2017-06-04,0.390244
15/12/2017,0.131579
21/02/2017,0.228261
28/08/2017,0.190476
26/11/2015,0.0952381
2015-10-13,0.310924
17/08/2016,0.0294118
15/01/2018,0.364486
15/06/2016,0.193548
15/06/2016,0.138462
25/01/2017,0.422222
22/07/2017,0.177778
29/03/2017,0.205882
26/07/2016,0.237288
2017-04-05,0.195804
2017-06-30,0.215789
2017-04-25,0.206452
20/04/2016,0.141026
30/06/2016,0.25
30/05/2017,0.22
18/07/2017,0.240506
23/05/2017,0.0925926
19/05/2017,0.312
2017-07-13,0.236842
2017-05-11,0.278846
10/09/2016,0.241935
30/01/2016,0.125
19/08/2016,0.101852
18/10/2017,0.202128
10/08/2017,0.28
18/11/2015,0.255814
13/12/2016,0.157895
03/02/2016,0.162162
02/02/2017,0.207547
31/05/2017,0.162162
02/08/2017,0.15493
11/09/2017,0.214286
21/03/2017,0.0972222
15/03/2017,0.170732
25/07/2016,0.181818
01/02/2018,0.24
27/04/2017,0.147368
22/06/2016,0.0666667
2017-04-02,0.141844
2016-12-13,0.132743
23/11/2016,0.0933333
24/08/2017,0.257143
09/06/2017,0.325581
30/08/2017,0.197183
08/09/2017,0.183673
25/08/2016,0.12
11/09/2017,0.272727
29/10/2016,0.176471
26/03/2017,0.132353
25/12/2016,0.203704
27/02/2016,0.215385
11/01/2018,0.245614
05/04/2017,0.115942
23/06/2017,0.166667
09/07/2017,0.366667
21/06/2016,0.128205
30/03/2017,0.162162
30/07/2016,0.246667
22/01/2018,0.176471
04/11/2015,0.238095
27/02/2016,0.145455
20/09/2017,0.150442
24/11/2015,0.198198
28/02/2017,0.310606
2017-08-11,0.135417
2016-12-10,0.106509
30/11/2016,0.0465116
18/05/2017,0.153846
20/01/2016,0.271429
14/08/2017,0.0714286
26/08/2016,0.163636
26/01/2016,0.182927
03/10/2016,0.113636
01/03/2017,0.172414
2017-11-24,0.104839
2017-10-30,0.171875
25/07/2016,0.169014
2017-03-13,0.3
2017-09-18,0.272727
14/01/2016,0.211538
23/01/2018,0.33871
2017-08-10,0.229167
01/03/2017,0.0925926
17/04/2016,0.339286
21/08/2016,0.196429
18/09/2017,0.268519
24/04/2017,0.337838
2017-01-31,0.0543478
12/06/2016,0.213115
20/01/2017,0.255319
12/01/2016,0.130178
22/02/2016,0.25
11/07/2016,0.263889
01/12/2017,0.253333
19/01/2017,0.303571
2017-08-11,0.216374
07/04/2017,0.213333
25/08/2017,0.189655
09/03/2016,0.22807
07/01/2018,0.337662
02/01/2017,0.30303
12/10/2017,0.175926
08/09/2016,0.161616
28/06/2017,0.254902
12/06/2016,0.106667
26/11/2016,0.0888889
2017-11-23,0.226744
2017-03-13,0.326923
25/11/2016,0.144928
29/11/2016,0.184615
21/03/2017,0.157895
08/07/2016,0.123077
26/01/2016,0.0952381
14/08/2017,0.322034
29/11/2016,0.137255
22/10/2017,0.166667
30/10/2015,0.107143
17/01/2016,0.304
2017-05-30,0.246753
23/05/2016,0.109589
19/02/2017,0.268657
27/08/2016,0.4
10/03/2016,0.170213
2017-04-27,0.234375
2017-02-11,0.287356
01/12/2017,0.0869565
20/06/2017,0.192771
08/02/2017,0.130435
16/04/2017,0.175182
13/08/2016,0.1875
29/01/2016,0.232759
03/04/2017,0.40566
30/11/2015,0.245614
27/01/2017,0.215686
02/01/2017,0.323529
15/11/2015,0.113636
14/12/2016,0.257576
17/07/2016,0.234043
07/03/2016,0.0980392
01/01/2016,0.263158
07/06/2016,0.229437
20/07/2016,0.203704
31/01/2017,0.157895
07/03/2016,0.209302
01/10/2017,0.183333
25/08/2016,0.0754717
16/11/2015,0.232258
04/05/2016,0.265306
09/09/2017,0.290323
03/05/2017,0.248366
2017-06-08,0.40678
26/01/2017,0.195122
22/08/2017,0.122807
03/05/2016,0.309859
31/01/2018,0.289855
12/10/2016,0.214286
24/10/2017,0.252174
12/12/2015,0.27907
29/07/2017,0.182609
05/07/2017,0.287671
09/03/2017,0.104478
05/06/2016,0.139241
27/01/2017,0.172414
2017-06-14,0.270916
25/07/2015,0.272727
30/08/2017,0.373333
18/01/2017,0.25
05/03/2016,0.23913
11/06/2016,0.140496
27/07/2016,0.133333
25/09/2016,0.125
2017-09-21,0.303922
2017-02-13,0.241379
06/02/2017,0.318584
22/09/2016,0.363636
2017-04-07,0.137363
2017-11-28,0.18254
09/11/2015,0.196319
29/02/2016,0.133333
12/07/2016,0.160584
2017-12-05,0.192308
09/12/2016,0.184615
01/04/2016,0.190476
07/04/2017,0.35443
29/11/2015,0.235294
19/04/2016,0.0921053
02/01/2017,0.172414
2017-07-12,0.0840336
29/05/2016,0.0724638
02/01/2017,0.0833333
19/11/2015,0.119718
01/02/2018,0.256944
28/08/2017,0.272727
05/05/2017,0.125
01/02/2018,0.246753
18/09/2017,0.314286
13/01/2017,0.275862
25/10/2016,0.228571
19/01/2017,0.106383
30/08/2016,0.222222
19/11/2015,0.101695
19/04/2017,0.245283
30/09/2017,0.295082
27/08/2016,0.288889
06/03/2016,0.207792
13/01/2017,0.308511
17/04/2016,0.105263
2016-12-13,0.264151
08/11/2015,0.108696
03/03/2017,0.163265
25/02/2017,0.153153
17/12/2015,0.210145
28/10/2016,0.177778
16/03/2016,0.206897
08/09/2016,0.16
01/10/2015,0.207161
08/04/2017,0.21875
13/04/2017,0.196429
29/08/2017,0.126984
04/09/2017,0.290323
09/11/2015,0.242424
16/12/2015,0.195876
06/07/2016,0.130435
01/12/2015,0.151316
22/03/2016,0.236111
26/07/2016,0.265823
25/01/2018,0.219178
07/12/2016,0.0677966
30/06/2016,0.291667
11/04/2016,0.104651
10/04/2016,0.193548
09/03/2016,0.211073
29/05/2016,0.179688
20/07/2016,0.16129
29/02/2016,0.162338
29/01/2018,0.392857
16/07/2016,0.172414
03/10/2017,0.28866
08/10/2017,0.233577
07/06/2017,0.173913
18/03/2016,0.183099
22/06/2017,0.25
04/02/2017,0.15873
31/01/2018,0.172414
16/06/2016,0.22
18/10/2017,0.375
28/08/2017,0.153846
19/06/2016,0.157143
28/03/2016,0.166667
30/05/2017,0.305085
17/06/2016,0.275362
13/12/2015,0.31
24/05/2016,0.359375
2017-09-16,0.306667
17/01/2017,0.0864198
05/06/2017,0.335616
26/07/2016,0.262295
27/03/2016,0.12766
24/08/2016,0.260274
30/07/2016,0.0952381
19/05/2016,0.234568
25/04/2017,0.219178
16/06/2016,0.15493
19/01/2018,0.12963
14/07/2016,0.195652
04/12/2016,0.258065
16/05/2016,0.288889
16/04/2016,0.151515
08/06/2016,0.213333
16/02/2017,0.257576
26/01/2016,0.14
16/03/2016,0.221154
05/06/2017,0.144737
24/08/2017,0.266667
04/12/2017,0.226667
08/09/2016,0.323529
15/12/2016,0.23913
15/04/2016,0.181818
29/08/2016,0.243902
03/02/2016,0.12
28/03/2016,0.150943
21/07/2017,0.197674
27/01/2017,0.208333
08/01/2016,0.169231
18/02/2016,0.215686
17/02/2016,0.157895
29/09/2017,0.20155
18/11/2015,0.110169
27/11/2015,0.154762
06/01/2018,0.244755
06/02/2016,0.2125
15/10/2017,0.1875
28/12/2016,0.125
17/10/2016,0.0925926
2017-10-10,0.084507
26/09/2016,0.107143
04/10/2017,0.208333
06/10/2016,0.115044
18/11/2015,0.153846
28/02/2016,0.118421
29/03/2016,0.189474
2017-05-21,0.122807
02/10/2017,0.326316
2017-06-20,0.176471
02/12/2017,0.267241
25/09/2017,0.111111
2017-06-02,0.24359
26/10/2017,0.253086
16/11/2015,0.227941
19/01/2016,0.20202
04/01/2017,0.28
17/11/2015,0.0
25/05/2016,0.1625
2017-07-03,0.25
18/04/2017,0.275362
14/07/2016,0.0961538
14/12/2017,0.184211
26/05/2017,0.333333
2017-11-28,0.262136
23/06/2016,0.2
17/06/2016,0.285714
30/05/2016,0.0
25/08/2017,0.204819
18/10/2016,0.315789
27/02/2016,0.10989
06/07/2017,0.2875
09/06/2017,0.189655
10/02/2016,0.125
2017-08-11,0.19898
19/12/2016,0.142857
14/10/2016,0.180905
27/01/2017,0.125
09/02/2017,0.189189
09/02/2016,0.265306
14/12/2016,0.272727
24/09/2017,0.38983
16/07/2016,0.0930233
10/11/2016,0.242647
11/02/2016,0.222222
22/07/2016,0.169014
2017-11-24,0.153846
12/10/2016,0.101449
10/10/2017,0.245455
05/01/2016,0.225
14/07/2016,0.337931
17/11/2016,0.30303
23/02/2016,0.313726
29/05/2016,0.283951
22/09/2017,0.19403
18/05/2017,0.244444
09/01/2018,0.210526
18/04/2017,0.0588235
13/06/2016,0.0909091
14/01/2018,0.2
15/12/2015,0.120482
13/07/2017,0.315789
29/03/2016,0.243902
2017-06-01,0.233766
2017-07-03,0.19697
28/07/2017,0.261538
29/04/2017,0.304348
24/05/2017,0.191489
26/01/2018,0.223404
06/06/2016,0.123288
18/04/2016,0.176471
14/06/2016,0.19469
28/08/2016,0.14
04/02/2017,0.180791
21/07/2017,0.422111
15/06/2016,0.208333
23/01/2016,0.348214
13/05/2016,0.183908
14/04/2016,0.245614
13/10/2016,0.030303
08/09/2017,0.197183
2017-04-09,0.284314
09/01/2018,0.309278
2017-11-24,0.241667
17/06/2017,0.221053
18/10/2017,0.28
11/10/2017,0.225564
2017-04-16,0.226054
07/03/2016,0.0595238
04/10/2016,0.138462
28/04/2017,0.333333
09/12/2015,0.132231
25/10/2016,0.222222
07/07/2016,0.178571
25/10/2017,0.186047
14/02/2017,0.180451
03/12/2017,0.272727
27/01/2018,0.6
24/06/2016,0.196629
2017-06-27,0.253219
09/11/2015,0.290323
24/01/2016,0.2375
2017-03-05,0.217391
27/12/2017,0.106667
06/12/2016,0.234818
12/11/2017,0.291139
21/08/2017,0.25
02/05/2017,0.185185
15/10/2017,0.191176
23/06/2016,0.0921053
23/05/2016,0.116667
13/07/2017,0.163636
13/09/2017,0.132075
15/09/2016,0.109756
02/05/2016,0.245614
16/01/2018,0.148148
31/01/2017,0.342857
22/07/2017,0.232558
28/06/2017,0.325581
14/11/2016,0.355932
31/07/2017,0.2
15/09/2016,0.0833333
28/07/2016,0.3
04/12/2017,0.222222
05/10/2017,0.263959
2016-09-15,0.154321
04/02/2017,0.222222
05/08/2016,0.267857
03/02/2017,0.0652174
18/04/2016,0.211268
10/09/2016,0.127451
12/02/2017,0.134831
23/05/2017,0.176471
22/02/2016,0.192982
15/05/2017,0.184783
04/10/2017,0.204545
10/06/2016,0.135135
18/09/2017,0.333333
2017-06-02,0.219512
27/06/2017,0.157303
25/11/2016,0.168831
26/07/2017,0.304348
2017-08-09,0.22695
05/08/2017,0.316667
20/07/2017,0.25
03/05/2016,0.217391
15/01/2018,0.225664
10/10/2017,0.298165
27/11/2015,0.0909091
15/01/2018,0.21519
22/11/2017,0.363636
19/01/2016,0.27381
03/06/2016,0.236364
05/05/2017,0.291667
09/10/2016,0.180556
28/06/2017,0.136986
10/12/2016,0.155556
19/05/2017,0.269231
26/10/2016,0.189189
2017-09-14,0.228013
15/07/2016,0.181159
13/11/2015,0.125
19/12/2017,0.152174
05/06/2017,0.2
15/09/2017,0.140625
14/07/2017,0.32
26/11/2015,0.152542
23/09/2017,0.348387
12/08/2017,0.277778
13/01/2016,0.178571
05/04/2017,0.117647
09/08/2016,0.0
21/11/2016,0.111111
01/10/2017,0.191781
02/01/2017,0.170213
06/11/2016,0.0816327
29/05/2016,0.166667
27/09/2017,0.219512
09/05/2016,0.30303
29/05/2017,0.228571
25/01/2016,0.204301
22/11/2015,0.135593
16/06/2016,0.370968
16/09/2017,0.265734
03/05/2016,0.145833
18/05/2017,0.1
19/01/2017,0.285714
14/06/2017,0.152174
23/11/2016,0.333333
25/10/2016,0.247312
2017-11-28,0.277372
03/03/2016,0.119205
25/05/2017,0.173469
22/11/2015,0.221053
08/01/2018,0.25
10/09/2017,0.253012
26/08/2016,0.171717
25/04/2016,0.147059
13/07/2017,0.263158
21/01/2016,0.293103
30/08/2016,0.238462
2017-07-05,0.159292
2017-08-07,0.159091
25/04/2016,0.161765
16/03/2017,0.109091
24/03/2016,0.217391
15/06/2016,0.196429
03/09/2017,0.241758
29/04/2017,0.285714
22/05/2017,0.0449438
16/03/2016,0.137931
2017-08-29,0.180556
25/01/2017,0.141026
08/05/2017,0.301724
2017-05-27,0.169014
15/01/2016,0.0967742
21/01/2018,0.181818
26/01/2017,0.232558
27/08/2016,0.1
30/06/2017,0.0
11/02/2016,0.181818
25/05/2016,0.0677966
22/01/2016,0.213198
19/01/2016,0.241379
12/12/2017,0.215686
2017-05-03,0.168
10/10/2017,0.1875
13/02/2017,0.121951
20/09/2016,0.114754
21/04/2017,0.233333
05/04/2016,0.21875
28/04/2016,0.22807
11/11/2016,0.235
17/01/2016,0.216667
05/03/2016,0.205298
26/08/2016,0.21519
18/08/2017,0.285714
27/01/2018,0.173913
2017-09-11,0.137931
04/10/2017,0.167832
30/03/2017,0.214876
11/03/2016,0.12766
08/11/2016,0.230769
15/09/2016,0.0757576
08/02/2016,0.28125
20/03/2016,0.21
06/02/2016,0.141593
09/06/2016,0.222222
07/05/2017,0.183333
05/07/2016,0.30303
14/04/2017,0.169231
31/08/2017,0.222222
2017-03-06,0.084507
01/11/2016,0.236842
09/09/2017,0.265823
01/02/2017,0.114943
13/12/2016,0.2
29/11/2015,0.246032
03/10/2016,0.097561
10/07/2016,0.217391
16/04/2016,0.228571
28/01/2018,0.218182
08/08/2017,0.111111
31/07/2017,0.160714
10/05/2016,0.2
02/12/2017,0.302521
02/03/2016,0.257143
10/05/2016,0.283019
05/04/2016,0.253623
2017-02-22,0.176471
22/04/2017,0.216
22/10/2017,0.269663
27/06/2016,0.212121
02/01/2018,0.275362
15/09/2016,0.17284
14/02/2016,0.149425
17/10/2017,0.227848
19/06/2016,0.141304
22/11/2016,0.289683
15/12/2015,0.156863
2017-08-02,0.184466
02/04/2016,0.242991
19/06/2017,0.131579
19/05/2016,0.0987654
20/09/2016,0.264151
2017-01-31,0.229508
19/10/2016,0.259259
16/06/2016,0.113636
26/06/2016,0.170213
10/12/2015,0.215385
09/09/2016,0.155172
16/08/2017,0.184211
15/12/2017,0.208955
11/07/2016,0.172043
24/07/2016,0.212766
18/03/2016,0.26
16/08/2016,0.285714
12/12/2015,0.130435
16/07/2017,0.194444
22/10/2017,0.295082
12/01/2017,0.155556
17/01/2016,0.209302
01/02/2018,0.295082
2017-06-11,0.311111
02/10/2017,0.340909
05/10/2017,0.21875
02/02/2017,0.363636
16/11/2017,0.231579
30/05/2017,0.296875
31/05/2017,0.12
20/10/2017,0.231293
06/02/2017,0.131148
2017-06-05,0.288136
03/08/2016,0.2
19/03/2017,0.275862
30/06/2017,0.291667
11/10/2017,0.193548
2017-02-09,0.138211
27/12/2016,0.241935
14/12/2015,0.262295
02/04/2016,0.322581
2017-05-10,0.236111
06/09/2017,0.155172
20/06/2016,0.152941
20/04/2017,0.272727
26/08/2016,0.137255
06/06/2016,0.102804
26/09/2016,0.224
30/10/2016,0.142857
19/04/2017,0.152778
21/07/2017,0.25
18/11/2015,0.279412
14/09/2016,0.206897
12/12/2015,0.0588235
22/10/2017,0.228346
09/11/2015,0.155844
2017-06-30,0.154472
17/02/2016,0.217949
28/04/2016,0.23913
05/10/2016,0.244898
05/11/2017,0.142857
08/09/2017,0.145695
17/05/2016,0.0652174
27/07/2016,0.164948
06/01/2017,0.201342
29/06/2016,0.166667
17/03/2016,0.1875
01/12/2016,0.191083
24/02/2017,0.157143
04/08/2016,0.160714
2017-06-20,0.128571
06/09/2017,0.113208
04/10/2017,0.1
21/10/2017,0.197917
14/04/2017,0.174757
09/07/2016,0.163043
2017-11-27,0.303571
09/01/2018,0.220779
03/01/2017,0.217391
10/10/2017,0.156863
17/09/2017,0.171975
2016-12-19,0.262626
06/12/2016,0.142857
16/08/2016,0.351351
29/03/2017,0.285714
08/07/2017,0.0849057
13/12/2016,0.144737
09/03/2016,0.076087
18/10/2016,0.3
28/06/2016,0.15873
24/10/2017,0.75
30/11/2016,0.131148
23/09/2017,0.212766
15/11/2017,0.326923
2017-07-30,0.294118
31/01/2017,0.180723
12/07/2016,0.214286
08/08/2016,0.160494
01/08/2016,0.22549
16/01/2017,0.12069
20/01/2016,0.425
15/01/2018,0.209677
13/01/2017,0.301587
27/01/2018,0.185185
29/01/2018,0.213115
19/05/2017,0.0833333
02/02/2016,0.142857
25/11/2015,0.238095
08/07/2016,0.235294
27/05/2017,0.25
23/05/2017,0.105263
05/06/2016,0.0943396
14/06/2016,0.215909
26/11/2015,0.125
08/06/2016,0.0869565
18/09/2017,0.119048
05/05/2016,0.277778
05/09/2016,0.275862
04/04/2017,0.195122
23/01/2016,0.156627
21/11/2016,0.25
05/12/2015,0.140351
15/06/2016,0.225806
21/10/2016,0.0638298
03/10/2017,0.283582
18/05/2017,0.25641
08/01/2018,0.126582
10/01/2017,0.157895
08/03/2017,0.22619
2017-07-24,0.231884
04/05/2016,0.169014
18/11/2017,0.292453
2016-12-12,0.106195
14/03/2017,0.162791
27/08/2016,0.172043
13/06/2017,0.26087
25/02/2016,0.28
03/09/0201,0.263158
16/11/2016,0.383929
06/09/2017,0.0588235
12/08/2017,0.147059
05/01/2016,0.116505
15/10/2017,0.0625
06/02/2017,0.137931
03/03/2016,0.2
04/03/2016,0.130435
14/08/2016,0.275862
2017-05-20,0.208333
13/09/2017,0.244444
21/11/2016,0.428571
27/07/2016,0.253521
27/07/2017,0.189474
12/12/2016,0.0769231
13/11/2016,0.25
31/07/2017,0.277778
2017-11-25,0.457143
05/04/2017,0.136364
18/01/2018,0.22973
29/08/2016,0.195652
08/09/2017,0.12766
03/03/2016,0.272727
14/12/2017,0.319444
19/12/2016,0.227273
11/07/2016,0.189655
04/05/2017,0.292308
29/05/2016,0.155172
15/01/2016,0.15
17/11/2015,0.237705
28/12/2015,0.230769
13/05/2016,0.0714286
11/04/2017,0.16
25/07/2017,0.269231
20/03/2017,0.259259
25/03/2017,0.180328
2017-07-01,0.169811
2017-09-23,0.25
03/08/2017,0.19403
28/11/2016,0.205128
02/09/2017,0.4
30/08/2017,0.275862
25/08/2017,0.188406
17/10/2017,0.236842
09/03/2016,0.1875
15/01/2018,0.117647
16/03/2016,0.266667
06/11/2017,0.0943396
2017-02-08,0.09375
29/09/2017,0.266667
30/06/2016,0.0957447
26/06/2016,0.255319
21/08/2017,0.256637
20/03/2017,0.313364
13/09/2017,0.151899
07/08/2017,0.235955
19/01/2017,0.2
22/11/2016,0.195402
18/01/2016,0.232558
13/08/2016,0.152174
21/01/2018,0.232877
19/10/2016,0.131579
30/05/2017,0.32967
22/05/2017,0.27551
15/02/2017,0.216867
26/11/2016,0.253333
17/01/2017,0.403846
23/05/2017,0.365385
17/08/2017,0.265957
14/01/2018,0.261538
06/10/2017,0.151515
06/10/2017,0.172414
17/05/2017,0.126437
08/04/2017,0.31068
12/05/2016,0.173913
07/03/2016,0.145455
19/11/2016,0.222222
05/03/2016,0.113402
2017-05-27,0.220779
13/03/2017,0.209302
09/06/2017,0.173913
05/12/2017,0.111111
17/10/2016,0.211538
17/03/2016,0.115385
12/09/2016,0.11828
15/12/2017,0.386139
14/03/2017,0.345679
14/05/2017,0.253086
30/05/2016,0.113208
29/08/2016,0.351351
18/12/2017,0.2
20/01/2017,0.228571
17/03/2017,0.173077
25/01/2016,0.184615
29/08/2016,0.148936
05/05/2016,0.275
27/05/2016,0.222222
13/05/2016,0.287234
15/02/2016,0.142857
12/04/2017,0.224299
02/06/2016,0.153846
11/01/2016,0.168421
2017-06-07,0.119658
17/10/2016,0.157895
26/02/2017,0.1
23/05/2016,0.226667
02/09/2017,0.148936
09/05/2017,0.184783
27/09/2016,0.134615
01/08/2017,0.148649
01/11/2016,0.245283
14/09/2017,0.37037
09/01/2018,0.117647
09/05/2017,0.259542
09/07/2016,0.215385
17/11/2015,0.269911
2017-08-02,0.275
04/08/2016,0.196429
13/06/2016,0.169231
2017-03-07,0.220183
02/02/2018,0.166667
12/03/2017,0.25
22/02/2017,0.207792
06/12/2017,0.278689
27/12/2015,0.135593
24/01/2017,0.319444
2017-03-03,0.122807
2017-07-14,0.211268
01/04/2017,0.112676
07/07/2016,0.0793651
05/06/2017,0.162791
16/01/2017,0.273973
25/10/2016,0.25
17/04/2016,0.185185
10/11/2015,0.1625
21/10/2016,0.215686
14/01/2017,0.208333
07/04/2016,0.170213
05/01/2017,0.333333
05/10/2017,0.333333
04/10/2017,0.108108
10/04/2017,0.188235
30/11/2016,0.159664
2017-06-15,0.231707
2017-05-05,0.282609
20/12/2017,0.0884354
02/09/2017,0.191111
11/05/2017,0.227273
05/08/2017,0.142857
10/09/2017,0.229508
19/02/2016,0.163636
11/08/2017,0.26506
13/04/2017,0.217391
19/09/2017,0.289474
27/02/2017,0.313131
11/11/2015,0.239437
12/12/2016,0.0
06/01/2017,0.388889
15/05/2016,0.176471
29/01/2016,0.0967742
21/08/2016,0.137255
24/02/2016,0.21875
22/12/2016,0.258065
22/09/2017,0.248175
29/04/2017,0.153846
08/11/2016,0.125
05/09/2017,0.245283
17/11/2016,0.0916667
18/11/2015,0.152381
26/11/2015,0.0
2017-06-28,0.169643
15/10/2017,0.201835
19/09/2016,0.197183
17/05/2016,0.157895
17/04/2016,0.181818
01/03/2016,0.130081
31/10/2016,0.2
12/10/2017,0.223214
07/12/2015,0.193878
07/04/2017,0.272727
07/08/2017,0.2875
08/03/2016,0.126761
25/01/2018,0.181818
2017-02-22,0.333333
25/04/2016,0.352941
02/08/2016,0.430556
18/11/2015,0.168675
27/06/2017,0.265306
24/01/2018,0.371429
18/05/2017,0.288136
04/06/2016,0.240741
21/11/2017,0.25
24/01/2018,0.304124
15/09/2017,0.359649
19/01/2018,0.140351
2017-02-14,0.309524
16/06/2016,0.385965
07/02/2016,0.211538
22/03/2016,0.144578
17/03/2016,0.0897436
14/08/2017,0.238095
01/02/2018,0.333333
30/08/2016,0.275862
06/12/2016,0.160714
13/04/2016,0.128205
09/05/2017,0.201389
17/03/2016,0.157303
26/01/2018,0.1875
2017-02-09,0.140909
17/02/2017,0.114035
20/02/2016,0.153846
07/08/2017,0.202532
26/01/2016,0.0967742
26/06/2016,0.168421
19/05/2016,0.263514
25/04/2017,0.218391
18/07/2016,0.206897
13/06/2017,0.193182
21/04/2017,0.191176
12/09/2016,0.0769231
03/05/2016,0.24031
08/08/2016,0.207547
03/08/2016,0.15
23/07/2017,0.258065
07/08/2017,0.215909
2017-05-04,0.197368
02/06/2017,0.233766
24/11/2016,0.241379
2017-07-04,0.102857
24/06/2017,0.343511
26/07/2016,0.25
11/04/2017,0.234568
01/09/2017,0.152174
30/05/2016,0.27451
11/09/2017,0.184783
14/05/2017,0.230769
30/08/2016,0.128205
13/11/2015,0.152941
01/06/2016,0.236364
06/08/2017,0.123596
12/07/2017,0.142857
22/02/2017,0.14
2017-08-10,0.147826
20/07/2016,0.0945946
07/06/2016,0.176471
2017-04-03,0.262887
15/01/2016,0.24183
04/03/2016,0.26
11/01/2017,0.127273
27/02/2016,0.0972222
16/11/2016,0.22449
12/07/2017,0.285714
19/04/2016,0.263736
13/09/2017,0.26087
26/03/2016,0.136986
24/11/2016,0.206897
27/11/2015,0.141667
15/04/2017,0.207792
15/04/2017,0.113636
15/03/2017,0.264957
12/01/2018,0.206349
17/01/2018,0.183333
02/06/2017,0.24
28/09/2017,0.182927
02/01/2018,0.188889
11/12/2017,0.19403
20/05/2017,0.216667
03/09/2017,0.305389
08/04/2016,0.153333
2017-06-14,0.0686274
17/10/2016,0.243243
05/10/2016,0.0869565
30/01/2018,0.214876
23/01/2016,0.156863
07/05/2016,0.147059
28/01/2016,0.343374
21/09/2016,0.396226
04/02/2017,0.344262
17/03/2017,0.28169
22/09/2017,0.217105
26/07/2016,0.0909091
26/02/2016,0.181818
12/01/2017,0.247312
01/10/2015,0.0991379
09/02/2017,0.075
29/08/2016,0.0714286
15/06/2016,0.177215
03/12/2017,0.306122
25/05/2017,0.245283
30/11/2016,0.242424
26/08/2016,0.0746269
14/06/2017,0.206186
23/05/2016,0.123077
11/05/2016,0.40625
08/07/2016,0.138462
16/08/2017,0.222222
20/05/2017,0.153226
17/08/2016,0.238806
18/01/2018,0.302326
02/12/2016,0.171875
25/05/2016,0.1
03/06/2016,0.15
30/10/2017,0.234234
04/09/2016,0.142857
28/06/2016,0.157895
07/07/2016,0.0967742
09/10/2017,0.247312
05/05/2016,0.283019
16/08/2016,0.268293
18/08/2016,0.295302
24/07/2017,0.184874
31/05/2017,0.25
03/10/2016,0.166667
18/12/2015,0.191489
24/08/2017,0.139785
04/12/2017,0.272727
12/07/2017,0.170213
29/06/2016,0.164179
08/01/2017,0.112903
29/10/2017,0.242574
11/08/2017,0.236364
02/08/2016,0.152778
15/08/2017,0.165563
2017-02-24,0.133333
25/12/2017,0.111111
17/03/2016,0.210526
08/09/2017,0.3
26/07/2016,0.106061
23/11/2015,0.189655
09/01/2017,0.340659
30/10/2016,0.55102
03/01/2016,0.192982
22/03/2016,0.139241
06/02/2017,0.122222
29/08/2016,0.133333
02/02/2018,0.146067
31/05/2017,0.142857
12/09/2017,0.267442
08/06/2016,0.171429
13/07/2016,0.228571
24/11/2015,0.29765
19/03/2016,0.162162
06/07/2016,0.158879
21/10/2016,0.168421
11/04/2016,0.254237
08/09/2017,0.060241
28/09/2017,0.303922
01/11/2016,0.141304
28/03/2017,0.37931
05/09/2017,0.109091
11/04/2016,0.220339
17/11/2016,0.283019
18/05/2017,0.0
23/02/2016,0.258427
10/11/2015,0.333333
29/09/2017,0.276786
03/08/2016,0.227273
19/07/2017,0.259494
18/09/2017,0.153153
01/11/2016,0.180723
06/07/2016,0.145455
25/09/2016,0.228571
2017-04-30,0.176
23/08/2016,0.121212
02/07/2016,0.3
21/06/2016,0.2
02/12/2017,0.25
12/10/2016,0.102564
29/05/2017,0.222222
26/10/2017,0.271739
30/11/2015,0.197605
07/01/2017,0.147059
25/10/2017,0.25
09/12/2016,0.182609
17/10/2016,0.22807
04/07/2016,0.271186
19/10/2017,0.272727
28/04/2017,0.142857
03/07/2016,0.11828
21/04/2017,0.253333
15/11/2015,0.197917
17/05/2017,0.181818
29/09/2017,0.16129
04/12/2017,0.278571
02/03/2017,0.255639
22/12/2015,0.176471
2017-11-24,0.166667
05/07/2017,0.155556
14/09/2017,0.139785
16/10/2016,0.15
26/08/2016,0.133333
31/01/2018,0.233766
13/06/2016,0.285714
27/05/2017,0.16
24/07/2017,0.192982
01/12/2016,0.176471
28/03/2016,0.207317
28/06/2016,0.290323
21/08/2017,0.269231
30/11/2016,0.108108
20/01/2017,0.136364
11/08/2017,0.241935
09/03/2017,0.0985916
26/05/2017,0.177778
19/04/2016,0.350649
29/02/2016,0.25
2017-07-04,0.164474
11/08/2016,0.23913
02/03/2017,0.160714
19/09/2016,0.190476
18/04/2017,0.277778
06/05/2016,0.213115
15/04/2016,0.123077
26/11/2016,0.384615
07/01/2017,0.116279
08/04/2016,0.266667
20/11/2015,0.146341
28/07/2016,0.285714
23/10/2017,0.207921
05/01/2017,0.236842
18/09/2016,0.333333
23/01/2016,0.2
19/06/2017,0.333333
01/01/2018,0.326667
20/06/2017,0.19403
24/01/2016,0.15
30/11/2016,0.294118
19/10/2016,0.31068
2017-05-22,0.106667
18/05/2016,0.25641
31/03/2017,0.262295
30/12/2015,0.121795
18/01/2018,0.131579
24/01/2018,0.206349
2017-09-14,0.260274
27/10/2016,0.148148
15/08/2016,0.180556
08/02/2016,0.5
17/07/2016,0.268293
13/01/2017,0.166667
02/12/2015,0.409091
01/01/2017,0.206897
29/06/2017,0.142857
12/06/2017,0.192308
20/12/2016,0.11215
30/12/2015,0.175439
02/01/2017,0.214286
07/07/2016,0.357143
13/09/2017,0.2
11/02/2016,0.23
18/03/2016,0.237288
30/01/2018,0.19685
01/12/2016,0.142857
27/04/2017,0.260563
04/06/2016,0.241379
22/01/2018,0.2
21/10/2016,0.205882
12/03/2016,0.153846
06/02/2016,0.125
03/05/2016,0.185714
16/08/2017,0.285714
05/09/2016,0.26087
01/06/2016,0.333333
29/01/2017,0.12
13/07/2016,0.229167
27/01/2018,0.291667
21/05/2017,0.180952
09/08/2016,0.2
08/01/2018,0.215247
24/03/2017,0.213235
27/08/2016,0.246154
22/01/2018,0.1375
02/02/2017,0.255319
08/11/2015,0.217391
23/03/2017,0.242857
03/01/2017,0.296296
29/11/2015,0.240741
24/06/2017,0.229167
14/09/2017,0.189655
16/01/2018,0.206349
23/10/2017,0.301639
12/05/2016,0.185185
14/02/2017,0.163265
17/03/2017,0.0833333
01/02/2017,0.160714
11/02/2016,0.261905
28/12/2015,0.273973
29/06/2016,0.346154
04/08/2016,0.177778
29/08/2016,0.119048
26/10/2016,0.136364
18/08/2017,0.209677
23/12/2016,0.233333
05/02/2016,0.111111
12/09/2017,0.170213
12/10/2017,0.0864198
01/09/2016,0.221649
18/08/2017,0.256757
15/09/2016,0.170732
05/01/2017,0.171875
13/11/2016,0.166667
2017-02-15,0.3
29/01/2017,0.310345
11/08/2017,0.262295
31/10/2016,0.181818
08/07/2016,0.181818
07/10/2016,0.30303
2017-08-02,0.235294
27/01/2018,0.23494
18/03/2016,0.222222
31/07/2016,0.236111
31/03/2016,0.282353
02/12/2017,0.239437
07/03/2017,0.234375
2017-08-29,0.288591
13/06/2017,0.3
17/01/2017,0.247191
01/04/2017,0.211864
10/12/2015,0.146067
06/12/2016,0.288462
24/01/2017,0.157895
13/05/2016,0.212766
03/01/2018,0.175439
03/10/2017,0.378378
06/01/2018,0.169014
30/05/2016,0.216981
15/09/2016,0.0652174
12/12/2015,0.352809
03/03/2016,0.0888889
26/08/2016,0.202532
07/04/2017,0.227273
23/05/2016,0.185185
24/01/2017,0.0
27/07/2016,0.208333
17/11/2015,0.170732
2017-06-30,0.201149
24/07/2016,0.307692
29/01/2016,0.208333
22/09/2016,0.0909091
24/03/2016,0.0833333
08/09/2016,0.191489
03/11/2017,0.14094
23/11/2016,0.116667
30/11/2016,0.210526
19/05/2016,0.204545
30/09/2017,0.282051
2017-02-19,0.175676
28/01/2016,0.274809
16/11/2016,0.103448
16/06/2016,0.168539
26/04/2017,0.219178
11/08/2016,0.360465
14/04/2017,0.178571
16/01/2017,0.193548
24/05/2017,0.180723
14/11/2015,0.161905
03/12/2017,0.157895
20/10/2017,0.386364
22/11/2017,0.286624
30/01/2016,0.176471
01/12/2015,0.217391
24/11/2016,0.245283
2017-04-02,0.220779
28/11/2016,0.180328
01/12/2016,0.2
05/10/2017,0.126126
22/06/2016,0.191781
17/04/2016,0.175439
05/05/2016,0.0681818
14/08/2016,0.20339
17/03/2016,0.171429
04/04/2017,0.125
16/03/2017,0.186275
22/01/2016,0.303879
31/01/2018,0.247059
27/09/2017,0.153846
17/01/2017,0.245283
31/08/2016,0.162791
02/02/2016,0.148148
13/01/2016,0.18232
19/07/2016,0.0483871
18/01/2016,0.101449
08/12/2016,0.269231
23/05/2016,0.142857
18/10/2016,0.238806
10/03/2017,0.133858
04/08/2016,0.121212
06/06/2017,0.15873
18/01/2016,0.16
