High,Low,Open,Close,Volume,Adj Close
24.780000686645508,23.719999313354492,24.100000381469727,24.780000686645508,10121000.0,19.499853134155273
27.110000610351562,24.760000228881836,24.8799991607666,27.059999465942383,14709800.0,21.294031143188477
27.889999389648438,24.8799991607666,27.5,24.93000030517578,17730800.0,19.617897033691406
25.399999618530273,23.549999237060547,25.0,23.8799991607666,12752400.0,18.791627883911133
24.700000762939453,22.709999084472656,24.450000762939453,22.75,10498300.0,17.90241050720215
23.940000534057617,23.06999969482422,23.260000228881836,23.280000686645508,8290200.0,18.319477081298828
23.59000015258789,22.260000228881836,23.200000762939453,22.329999923706055,6338600.0,17.571903228759766
22.3799991607666,21.520000457763672,22.149999618530273,21.600000381469727,9515000.0,16.997453689575195
22.049999237060547,21.139999389648438,21.549999237060547,21.329999923706055,7312900.0,16.78498649597168
21.649999618530273,21.190000534057617,21.350000381469727,21.280000686645508,5580200.0,16.74563980102539
21.5,20.239999771118164,21.209999084472656,20.239999771118164,10128900.0,15.927244186401367
20.229999542236328,19.829999923706055,20.0,20.1200008392334,12234100.0,15.832816123962402
20.479999542236328,19.729999542236328,20.010000228881836,19.850000381469727,6727500.0,15.62034797668457
20.5,19.780000686645508,19.780000686645508,20.25,3455300.0,15.935111999511719
20.690000534057617,20.15999984741211,20.5,20.260000228881836,6084100.0,15.942981719970703
20.860000610351562,20.110000610351562,20.110000610351562,20.56999969482422,1530500.0,16.186925888061523
21.18000030517578,20.5,20.639999389648438,20.790000915527344,6830900.0,16.360050201416016
21.010000228881836,20.260000228881836,20.799999237060547,20.950000762939453,4667900.0,16.48595428466797
20.75,20.280000686645508,20.520000457763672,20.540000915527344,6352000.0,16.163320541381836
20.690000534057617,20.049999237060547,20.489999771118164,20.049999237060547,8707400.0,15.777728080749512
20.389999389648438,19.790000915527344,20.06999969482422,20.040000915527344,6876000.0,15.76986026763916
21.399999618530273,20.110000610351562,20.149999618530273,21.350000381469727,5829100.0,16.800722122192383
21.540000915527344,20.75,21.360000610351562,20.889999389648438,8682100.0,16.438739776611328
20.989999771118164,20.31999969482422,20.5,20.600000381469727,6084100.0,16.210533142089844
20.649999618530273,20.09000015258789,20.530000686645508,20.100000381469727,7132000.0,15.817072868347168
20.6200008392334,19.899999618530273,19.950000762939453,19.979999542236328,6456600.0,15.72264289855957
21.350000381469727,20.389999389648438,20.549999237060547,21.209999084472656,5297600.0,16.690555572509766
21.719999313354492,21.06999969482422,21.440000534057617,21.329999923706055,6340600.0,16.78498649597168
21.309999465942383,20.940000534057617,21.1200008392334,21.15999984741211,3608400.0,16.651208877563477
21.030000686645508,20.25,20.8799991607666,20.34000015258789,4450900.0,16.005931854248047
20.18000030517578,19.690000534057617,20.149999618530273,19.75,8169800.0,15.541651725769043
19.829999923706055,19.299999237060547,19.75,19.469999313354492,5554800.0,15.32131576538086
20.399999618530273,19.489999771118164,19.649999618530273,20.399999618530273,5554500.0,16.05314826965332
20.350000381469727,19.850000381469727,20.139999389648438,20.31999969482422,3160600.0,15.990196228027344
20.530000686645508,19.690000534057617,20.5,19.690000534057617,5151000.0,15.494436264038086
20.170000076293945,19.809999465942383,20.170000076293945,19.809999465942383,2995400.0,15.5888671875
20.18000030517578,19.709999084472656,20.079999923706055,19.799999237060547,2893300.0,15.5809965133667
19.8799991607666,19.1299991607666,19.850000381469727,19.31999969482422,5130300.0,15.203279495239258
19.6299991607666,19.059999465942383,19.389999389648438,19.6200008392334,2998200.0,15.439352989196777
19.489999771118164,19.010000228881836,19.18000030517578,19.200000762939453,2960000.0,15.108848571777344
19.200000762939453,18.15999984741211,19.040000915527344,18.290000915527344,5353300.0,14.39275074005127
18.610000610351562,17.969999313354492,18.31999969482422,18.110000610351562,2518000.0,14.251105308532715
18.360000610351562,17.75,17.889999389648438,18.06999969482422,4323900.0,14.219629287719727
18.079999923706055,17.559999465942383,17.899999618530273,17.68000030517578,1949700.0,13.91273021697998
17.68000030517578,17.239999771118164,17.450000762939453,17.649999618530273,4699200.0,13.889121055603027
18.049999237060547,16.639999389648438,17.5,17.93000030517578,8085300.0,14.109460830688477
17.81999969482422,17.030000686645508,17.350000381469727,17.15999984741211,8525700.0,13.503532409667969
18.049999237060547,17.110000610351562,17.989999771118164,17.110000610351562,4808900.0,13.464188575744629
18.520000457763672,16.940000534057617,17.399999618530273,18.5,11273000.0,14.558003425598145
18.209999084472656,17.65999984741211,18.170000076293945,17.81999969482422,5417700.0,14.022899627685547
18.190000534057617,17.110000610351562,18.079999923706055,17.110000610351562,6598400.0,13.464188575744629
17.690000534057617,17.280000686645508,17.31999969482422,17.639999389648438,2990000.0,13.881253242492676
17.739999771118164,17.280000686645508,17.739999771118164,17.450000762939453,2920800.0,13.731739044189453
17.920000076293945,17.299999237060547,17.450000762939453,17.309999465942383,3592000.0,13.621570587158203
18.030000686645508,17.200000762939453,17.40999984741211,17.549999237060547,5947000.0,13.810428619384766
17.459999084472656,16.84000015258789,17.25,17.290000915527344,8000200.0,13.605833053588867
17.93000030517578,17.280000686645508,17.309999465942383,17.31999969482422,6047000.0,13.629440307617188
17.549999237060547,16.540000915527344,17.31999969482422,16.790000915527344,5779600.0,13.212374687194824
17.549999237060547,16.40999984741211,16.75,16.760000228881836,6410300.0,13.188765525817871
18.200000762939453,17.059999465942383,17.170000076293945,18.09000015258789,11251300.0,14.235366821289062
18.700000762939453,18.200000762939453,18.399999618530273,18.350000381469727,7374700.0,14.439966201782227
19.809999465942383,17.389999389648438,19.100000381469727,17.450000762939453,10051000.0,13.731739044189453
18.040000915527344,17.1299991607666,17.530000686645508,17.8700008392334,8740700.0,14.06224536895752
17.940000534057617,17.299999237060547,17.809999465942383,17.59000015258789,4459200.0,13.841910362243652
18.309999465942383,17.920000076293945,17.920000076293945,18.100000381469727,3890900.0,14.243236541748047
19.280000686645508,18.649999618530273,18.649999618530273,19.010000228881836,7956400.0,14.959331512451172
19.790000915527344,18.670000076293945,18.760000228881836,19.579999923706055,10318000.0,15.407875061035156
19.489999771118164,18.420000076293945,19.450000762939453,18.420000076293945,6786600.0,14.495050430297852
19.559999465942383,18.329999923706055,18.549999237060547,19.350000381469727,12030800.0,15.226885795593262
19.040000915527344,18.110000610351562,18.850000381469727,18.600000381469727,11728600.0,14.636696815490723
19.1299991607666,18.149999618530273,18.399999618530273,18.920000076293945,12862900.0,14.888509750366211
19.5,18.440000534057617,19.0,18.479999542236328,6140400.0,14.542263984680176
18.75,18.200000762939453,18.510000228881836,18.200000762939453,6818300.0,14.321929931640625
18.329999923706055,17.969999313354492,18.100000381469727,18.010000228881836,4345100.0,14.172415733337402
18.049999237060547,17.420000076293945,18.049999237060547,17.420000076293945,4570800.0,13.708130836486816
17.489999771118164,16.68000030517578,17.399999618530273,16.84000015258789,5287400.0,13.25171947479248
17.34000015258789,16.729999542236328,16.90999984741211,17.170000076293945,6276800.0,13.51140308380127
17.15999984741211,16.700000762939453,16.950000762939453,16.700000762939453,5072500.0,13.141549110412598
16.399999618530273,14.770000457763672,15.140000343322754,15.399999618530273,10706700.0,12.118555068969727
16.280000686645508,15.350000381469727,16.139999389648438,15.350000381469727,6042300.0,12.079209327697754
15.949999809265137,15.279999732971191,15.729999542236328,15.899999618530273,6615000.0,12.51201343536377
17.690000534057617,16.18000030517578,16.200000762939453,17.690000534057617,8865100.0,13.920598983764648
18.389999389648438,17.209999084472656,17.450000762939453,17.309999465942383,6267900.0,13.621570587158203
18.09000015258789,16.959999084472656,17.020000457763672,17.920000076293945,7932500.0,14.101591110229492
17.959999084472656,17.100000381469727,17.309999465942383,17.100000381469727,6389600.0,13.456316947937012
18.200000762939453,17.260000228881836,17.520000457763672,18.110000610351562,10601200.0,14.251105308532715
19.3700008392334,18.100000381469727,18.18000030517578,18.729999542236328,8880300.0,14.738994598388672
18.600000381469727,18.049999237060547,18.350000381469727,18.239999771118164,11979600.0,14.353405952453613
19.200000762939453,18.6299991607666,18.969999313354492,18.93000030517578,6504800.0,14.896378517150879
19.940000534057617,18.940000534057617,19.399999618530273,19.059999465942383,7716600.0,14.998679161071777
20.059999465942383,18.65999984741211,18.700000762939453,19.940000534057617,9679700.0,15.691167831420898
20.559999465942383,19.170000076293945,20.229999542236328,19.450000762939453,8185600.0,15.305575370788574
19.59000015258789,18.799999237060547,19.31999969482422,19.149999618530273,5714300.0,15.069502830505371
19.260000228881836,18.520000457763672,19.100000381469727,18.600000381469727,6058200.0,14.636696815490723
19.270000457763672,18.6299991607666,18.81999969482422,19.040000915527344,6522200.0,14.982940673828125
20.280000686645508,18.8799991607666,18.8799991607666,19.489999771118164,7195500.0,15.337054252624512
20.40999984741211,19.389999389648438,19.459999084472656,19.90999984741211,11238600.0,15.667562484741211
20.280000686645508,19.6299991607666,20.010000228881836,19.93000030517578,5214900.0,15.683298110961914
19.709999084472656,18.84000015258789,19.450000762939453,19.459999084472656,8156600.0,15.31344223022461
19.649999618530273,18.899999618530273,19.459999084472656,18.899999618530273,5364500.0,14.872769355773926
18.989999771118164,18.350000381469727,18.350000381469727,18.450000762939453,6066900.0,14.518657684326172
18.920000076293945,17.81999969482422,18.65999984741211,17.93000030517578,4420500.0,14.109460830688477
17.700000762939453,16.56999969482422,17.700000762939453,16.59000015258789,7584400.0,13.054987907409668
17.18000030517578,16.43000030517578,16.799999237060547,16.479999542236328,7694600.0,12.968426704406738
17.049999237060547,16.329999923706055,16.959999084472656,16.579999923706055,6672100.0,13.047118186950684
17.510000228881836,16.709999084472656,16.809999465942383,17.219999313354492,6028900.0,13.55074691772461
17.93000030517578,16.8700008392334,17.079999923706055,17.81999969482422,7116900.0,14.022899627685547
18.389999389648438,18.0,18.100000381469727,18.139999389648438,3574800.0,14.274714469909668
18.549999237060547,18.0,18.350000381469727,18.309999465942383,4558400.0,14.408489227294922
20.299999237060547,19.299999237060547,19.299999237060547,20.149999618530273,9670300.0,15.85642147064209
20.18000030517578,19.68000030517578,20.06999969482422,20.059999465942383,5880600.0,15.785598754882812
20.829999923706055,20.200000762939453,20.530000686645508,20.790000915527344,12008500.0,16.360050201416016
20.0,18.549999237060547,19.969999313354492,18.579999923706055,8803000.0,14.620957374572754
19.170000076293945,18.600000381469727,18.700000762939453,18.700000762939453,13342500.0,14.7153902053833
19.049999237060547,18.43000030517578,18.860000610351562,18.969999313354492,5301300.0,14.9278564453125
18.860000610351562,18.200000762939453,18.860000610351562,18.420000076293945,5306400.0,14.786263465881348
18.549999237060547,17.709999084472656,18.40999984741211,17.799999237060547,6646700.0,14.28857135772705
17.969999313354492,17.350000381469727,17.899999618530273,17.610000610351562,4110400.0,14.136054039001465
18.280000686645508,17.59000015258789,17.600000381469727,18.09000015258789,3708700.0,14.5213623046875
19.0,18.170000076293945,18.200000762939453,18.510000228881836,7244800.0,14.858506202697754
19.329999923706055,18.350000381469727,19.25,18.600000381469727,8380100.0,14.930753707885742
18.649999618530273,17.829999923706055,18.549999237060547,17.860000610351562,5048400.0,14.336734771728516
17.90999984741211,16.950000762939453,17.809999465942383,17.030000686645508,7572600.0,13.67047119140625
16.920000076293945,16.399999618530273,16.860000610351562,16.56999969482422,746800.0,13.301214218139648
16.5,16.139999389648438,16.209999084472656,16.139999389648438,5896100.0,12.956040382385254
17.059999465942383,16.299999237060547,16.309999465942383,17.059999465942383,6156500.0,13.694550514221191
17.75,16.84000015258789,17.25,17.75,8037500.0,14.248435020446777
18.350000381469727,17.06999969482422,18.170000076293945,17.399999618530273,7193100.0,13.967479705810547
17.40999984741211,16.639999389648438,17.40999984741211,16.950000762939453,5915900.0,13.606253623962402
16.360000610351562,15.59000015258789,16.15999984741211,15.670000076293945,10096900.0,12.578760147094727
15.84000015258789,15.359999656677246,15.640000343322754,15.4399995803833,2982900.0,12.394131660461426
15.430000305175781,15.130000114440918,15.350000381469727,15.380000114440918,4677100.0,12.345968246459961
15.84000015258789,15.0600004196167,15.510000228881836,15.319999694824219,3983500.0,12.297802925109863
15.319999694824219,15.0,15.149999618530273,15.050000190734863,5643200.0,12.081067085266113
15.390000343322754,15.0,15.09000015258789,15.369999885559082,3792600.0,12.337940216064453
15.529999732971191,14.989999771118164,15.380000114440918,15.050000190734863,4946300.0,12.081067085266113
15.100000381469727,14.489999771118164,15.100000381469727,14.520000457763672,4607600.0,11.655620574951172
14.9399995803833,14.350000381469727,14.449999809265137,14.59000015258789,6100200.0,11.711812973022461
15.0,14.5,14.880000114440918,14.640000343322754,4043700.0,11.751949310302734
14.479999542236328,14.0600004196167,14.34000015258789,14.25,5780800.0,11.438884735107422
14.640000343322754,13.880000114440918,14.109999656677246,14.470000267028809,4629700.0,11.615485191345215
14.510000228881836,14.0600004196167,14.220000267028809,14.0600004196167,5048900.0,11.286367416381836
14.270000457763672,14.09000015258789,14.170000076293945,14.1899995803833,3880800.0,11.39072036743164
14.079999923706055,13.300000190734863,14.079999923706055,13.300000190734863,5964400.0,10.67629337310791
13.390000343322754,12.600000381469727,13.039999961853027,13.170000076293945,13658200.0,10.571937561035156
13.319999694824219,12.59000015258789,13.0,12.84000015258789,6932100.0,10.307037353515625
13.029999732971191,12.25,12.84000015258789,12.9399995803833,9802500.0,10.387309074401855
13.199999809265137,12.739999771118164,12.850000381469727,12.869999885559082,7206800.0,10.3311185836792
12.899999618530273,12.15999984741211,12.84000015258789,12.350000381469727,6375000.0,9.913701057434082
12.449999809265137,12.0600004196167,12.350000381469727,12.210000038146973,3124200.0,9.801318168640137
11.9399995803833,11.25,11.9399995803833,11.649999618530273,7863500.0,9.351789474487305
12.420000076293945,11.789999961853027,11.949999809265137,12.079999923706055,7322900.0,9.6969633102417
12.680000305175781,12.050000190734863,12.100000381469727,12.670000076293945,9923400.0,10.170572280883789
12.420000076293945,11.90999984741211,12.1899995803833,12.210000038146973,8390700.0,9.801318168640137
12.550000190734863,12.180000305175781,12.180000305175781,12.460000038146973,5694800.0,10.001999855041504
13.119999885559082,12.600000381469727,12.600000381469727,12.880000114440918,6886800.0,10.339144706726074
13.470000267028809,12.710000038146973,12.710000038146973,13.25,4472100.0,10.636155128479004
13.600000381469727,12.739999771118164,13.5,12.739999771118164,5814700.0,10.226764678955078
12.960000038146973,12.319999694824219,12.319999694824219,12.890000343322754,10987200.0,10.347173690795898
13.359999656677246,12.289999961853027,13.010000228881836,12.289999961853027,6942100.0,9.8655366897583
12.630000114440918,12.239999771118164,12.380000114440918,12.550000190734863,5677800.0,10.074246406555176
13.569999694824219,12.920000076293945,13.119999885559082,13.220000267028809,7174800.0,10.612074851989746
13.170000076293945,12.5600004196167,13.0,12.640000343322754,3095800.0,10.146492958068848
12.8100004196167,12.300000190734863,12.609999656677246,12.720000267028809,2890100.0,10.210710525512695
13.140000343322754,12.630000114440918,12.880000114440918,13.029999732971191,5226600.0,10.459555625915527
12.979999542236328,12.479999542236328,12.489999771118164,12.6899995803833,4587900.0,10.186627388000488
12.84000015258789,12.40999984741211,12.670000076293945,12.520000457763672,2693500.0,10.050165176391602
12.109999656677246,11.59000015258789,12.079999923706055,11.600000381469727,6758900.0,9.311654090881348
11.369999885559082,10.880000114440918,11.260000228881836,10.90999984741211,6450400.0,8.757769584655762
11.25,10.539999961853027,11.069999694824219,10.539999961853027,4429400.0,8.460760116577148
10.760000228881836,10.140000343322754,10.5,10.239999771118164,5658100.0,8.219943046569824
10.460000038146973,9.380000114440918,10.460000038146973,9.40999984741211,7581600.0,7.553677558898926
9.850000381469727,8.800000190734863,9.609999656677246,9.0,9208300.0,7.224558353424072
9.729999542236328,8.9399995803833,9.149999618530273,9.649999618530273,11080500.0,7.746332168579102
9.510000228881836,8.989999771118164,9.170000076293945,9.369999885559082,13283400.0,7.5215678215026855
9.710000038146973,8.890000343322754,9.3100004196167,8.890000343322754,3477600.0,7.136258125305176
9.619999885559082,9.180000305175781,9.510000228881836,9.180000305175781,10965000.0,7.369051456451416
9.3100004196167,8.710000038146973,8.970000267028809,9.210000038146973,10928000.0,7.393131732940674
9.800000190734863,9.140000343322754,9.210000038146973,9.140000343322754,10638200.0,7.336940288543701
9.75,8.979999542236328,9.449999809265137,9.029999732971191,14684700.0,7.248640537261963
9.0600004196167,8.630000114440918,8.789999961853027,8.949999809265137,7220500.0,7.184422016143799
9.630000114440918,8.859999656677246,8.949999809265137,9.40999984741211,7978500.0,7.553677558898926
9.90999984741211,9.1899995803833,9.40999984741211,9.329999923706055,8628400.0,7.48945951461792
9.819999694824219,9.039999961853027,9.319999694824219,9.720000267028809,13958500.0,7.802522659301758
9.739999771118164,9.350000381469727,9.630000114440918,9.5,6691400.0,7.625922679901123
9.3100004196167,8.600000381469727,9.1899995803833,8.600000381469727,5860700.0,6.903466701507568
9.180000305175781,8.699999809265137,8.75,9.010000228881836,6300800.0,7.232586860656738
10.600000381469727,9.359999656677246,9.579999923706055,10.34000015258789,14082200.0,8.300214767456055
10.789999961853027,10.130000114440918,10.289999961853027,10.229999542236328,9259100.0,8.211915016174316
10.420000076293945,9.850000381469727,10.0,10.199999809265137,4466400.0,8.18783187866211
10.0600004196167,9.609999656677246,9.949999809265137,9.869999885559082,6646600.0,7.922932147979736
10.470000267028809,10.050000190734863,10.050000190734863,10.25,5711100.0,8.227968215942383
10.800000190734863,10.510000228881836,10.680000305175781,10.510000228881836,2218500.0,8.436678886413574
11.380000114440918,10.520000457763672,10.520000457763672,11.289999961853027,7412800.0,9.0628080368042
12.699999809265137,11.510000228881836,11.6899995803833,11.90999984741211,12741500.0,9.560498237609863
12.170000076293945,11.489999771118164,11.920000076293945,11.510000228881836,9470200.0,9.239407539367676
12.109999656677246,11.369999885559082,11.40999984741211,11.829999923706055,7540200.0,9.496280670166016
13.170000076293945,12.430000305175781,12.5,13.140000343322754,12431000.0,10.547856330871582
13.4399995803833,12.319999694824219,12.979999542236328,12.380000114440918,9977100.0,9.93778133392334
11.949999809265137,11.489999771118164,11.770000457763672,11.710000038146973,8510200.0,9.39995288848877
11.619999885559082,10.90999984741211,11.170000076293945,11.020000457763672,7333900.0,8.846071243286133
11.539999961853027,10.890000343322754,11.390000343322754,11.0,5763400.0,8.830016136169434
12.020000457763672,11.1899995803833,11.229999542236328,11.8100004196167,12513200.0,9.48022747039795
12.960000038146973,12.140000343322754,12.199999809265137,12.8100004196167,14126700.0,10.282955169677734
14.220000267028809,12.739999771118164,12.8100004196167,14.220000267028809,15826600.0,11.414803504943848
15.619999885559082,15.619999885559082,15.619999885559082,15.619999885559082,17302900.0,12.538622856140137
18.329999923706055,16.030000686645508,16.719999313354492,16.549999237060547,27180100.0,13.285161018371582
18.600000381469727,16.68000030517578,17.75,17.579999923706055,20198100.0,14.111970901489258
17.09000015258789,15.029999732971191,16.809999465942383,15.029999732971191,17884700.0,12.06501293182373
15.529999732971191,14.039999961853027,15.329999923706055,14.5,11891900.0,11.639566421508789
15.0,13.279999732971191,15.0,14.0,11073200.0,11.238202095031738
14.649999618530273,13.739999771118164,14.069999694824219,13.869999885559082,11250900.0,11.133848190307617
14.149999618530273,13.279999732971191,13.899999618530273,13.4399995803833,8840800.0,10.788674354553223
13.510000228881836,12.8100004196167,12.989999771118164,13.479999542236328,9679900.0,10.820783615112305
14.869999885559082,13.40999984741211,13.520000457763672,14.819999694824219,10150400.0,11.896438598632812
16.010000228881836,14.779999732971191,15.619999885559082,15.5,13735400.0,12.44229507446289
16.100000381469727,14.9399995803833,15.890000343322754,15.329999923706055,14160000.0,12.305832862854004
15.880000114440918,14.869999885559082,15.489999771118164,15.149999618530273,7946100.0,12.16133975982666
15.600000381469727,14.949999809265137,14.989999771118164,15.430000305175781,6234400.0,12.386103630065918
15.369999885559082,14.050000190734863,15.289999961853027,14.119999885559082,8236700.0,11.334529876708984
15.210000038146973,13.680000305175781,13.989999771118164,15.050000190734863,7902400.0,12.081067085266113
15.720000267028809,14.779999732971191,15.720000267028809,15.170000076293945,6665400.0,12.177395820617676
15.399999618530273,14.4399995803833,15.100000381469727,15.09000015258789,7942900.0,12.113176345825195
16.360000610351562,15.319999694824219,15.380000114440918,15.539999961853027,8534400.0,12.474403381347656
15.5600004196167,14.850000381469727,15.199999809265137,15.149999618530273,8100.0,12.16133975982666
15.920000076293945,14.649999618530273,14.890000343322754,15.510000228881836,6100.0,12.450322151184082
15.90999984741211,14.75,15.609999656677246,14.789999961853027,15600.0,11.872357368469238
15.520000457763672,14.460000038146973,14.5,15.289999961853027,18700.0,12.273721694946289
15.489999771118164,14.90999984741211,15.079999923706055,15.069999694824219,23400.0,12.097122192382812
15.470000267028809,14.850000381469727,15.420000076293945,15.010000228881836,2300.0,12.04896068572998
16.34000015258789,15.359999656677246,15.5,16.239999771118164,6364500.0,13.036314010620117
17.34000015258789,16.450000762939453,16.459999084472656,16.969999313354492,10700.0,13.622304916381836
19.100000381469727,17.3799991607666,17.5,18.739999771118164,16700.0,15.043135643005371
20.59000015258789,19.299999237060547,19.760000228881836,19.56999969482422,79700.0,15.709399223327637
20.040000915527344,18.020000457763672,19.90999984741211,18.200000762939453,8726900.0,14.609664916992188
18.950000762939453,17.760000228881836,18.399999618530273,18.600000381469727,7265300.0,14.930753707885742
19.469999313354492,18.559999465942383,18.700000762939453,19.049999237060547,6645200.0,15.291980743408203
20.90999984741211,19.6200008392334,19.75,20.459999084472656,11000.0,16.423830032348633
22.190000534057617,20.530000686645508,20.56999969482422,21.760000228881836,12475900.0,17.467376708984375
20.56999969482422,19.190000534057617,20.010000228881836,19.329999923706055,15533400.0,15.516745567321777
19.200000762939453,18.020000457763672,19.200000762939453,18.059999465942383,13936900.0,14.497281074523926
19.010000228881836,17.350000381469727,18.1200008392334,18.690000534057617,16017200.0,15.003000259399414
19.6299991607666,18.18000030517578,18.709999084472656,19.450000762939453,15719400.0,15.613072395324707
20.8799991607666,19.450000762939453,20.469999313354492,19.790000915527344,11636100.0,15.886004447937012
20.93000030517578,19.690000534057617,20.260000228881836,19.690000534057617,12354900.0,15.8057279586792
20.309999465942383,19.100000381469727,20.139999389648438,19.8700008392334,5896000.0,15.950220108032227
19.399999618530273,18.459999084472656,19.139999389648438,18.65999984741211,7299400.0,14.97891902923584
18.170000076293945,17.200000762939453,17.600000381469727,17.399999618530273,11995700.0,13.967479705810547
17.829999923706055,16.299999237060547,17.799999237060547,16.65999984741211,12092800.0,13.373459815979004
17.43000030517578,16.170000076293945,16.3700008392334,16.8799991607666,10340400.0,13.550061225891113
16.34000015258789,15.050000190734863,16.100000381469727,15.229999542236328,12767400.0,12.22555923461914
15.960000038146973,15.130000114440918,15.600000381469727,15.869999885559082,8016000.0,12.739304542541504
16.450000762939453,15.579999923706055,16.229999542236328,15.9399995803833,6661200.0,12.79549503326416
16.25,15.220000267028809,16.059999465942383,15.4399995803833,4689800.0,12.394131660461426
15.880000114440918,14.600000381469727,15.40999984741211,14.680000305175781,10433800.0,11.784056663513184
15.65999984741211,14.600000381469727,14.600000381469727,14.930000305175781,5971900.0,11.984740257263184
15.739999771118164,14.609999656677246,15.180000305175781,15.130000114440918,8606900.0,12.145285606384277
15.3100004196167,14.6899995803833,14.819999694824219,14.710000038146973,6588600.0,11.80813980102539
14.920000076293945,14.069999694824219,14.34000015258789,14.890000343322754,8868800.0,11.952630043029785
15.390000343322754,13.949999809265137,15.25,14.130000114440918,7022800.0,11.342556953430176
14.680000305175781,13.65999984741211,13.65999984741211,14.4399995803833,6842100.0,11.591403007507324
14.789999961853027,13.949999809265137,14.609999656677246,14.020000457763672,6038100.0,11.254257202148438
14.720000267028809,13.989999771118164,14.100000381469727,14.619999885559082,11072700.0,11.735894203186035
14.90999984741211,14.289999961853027,14.699999809265137,14.289999961853027,4070600.0,11.470992088317871
14.470000267028809,14.119999885559082,14.390000343322754,14.279999732971191,1115600.0,11.462965965270996
14.930000305175781,13.9399995803833,14.069999694824219,14.220000267028809,10875200.0,11.414803504943848
14.5,13.800000190734863,14.09000015258789,14.430000305175781,4914500.0,11.583375930786133
14.949999809265137,14.210000038146973,14.369999885559082,14.949999809265137,4866100.0,12.00079345703125
16.31999969482422,15.109999656677246,15.260000228881836,16.239999771118164,7089500.0,13.036314010620117
16.93000030517578,16.25,16.610000610351562,16.889999389648438,6323500.0,13.558087348937988
17.350000381469727,16.479999542236328,16.84000015258789,16.56999969482422,5573700.0,13.301214218139648
17.15999984741211,16.579999923706055,16.780000686645508,17.0,6021300.0,13.646388053894043
16.799999237060547,15.489999771118164,16.799999237060547,15.699999809265137,11424100.0,12.6028413772583
15.319999694824219,14.819999694824219,15.140000343322754,14.949999809265137,5954000.0,12.00079345703125
15.489999771118164,14.5,14.65999984741211,15.199999809265137,6397100.0,12.201476097106934
15.390000343322754,14.420000076293945,15.109999656677246,14.630000114440918,7431600.0,11.743921279907227
15.510000228881836,14.760000228881836,14.800000190734863,15.0,9546200.0,12.040929794311523
15.399999618530273,14.640000343322754,14.789999961853027,15.229999542236328,6324700.0,12.22555923461914
15.930000305175781,15.079999923706055,15.640000343322754,15.279999732971191,8597900.0,12.265695571899414
16.0,15.510000228881836,15.770000457763672,15.569999694824219,4172800.0,12.498486518859863
15.670000076293945,15.109999656677246,15.619999885559082,15.600000381469727,3924400.0,12.522568702697754
16.239999771118164,15.800000190734863,15.8100004196167,15.850000381469727,4874600.0,12.723250389099121
16.639999389648438,15.949999809265137,16.260000228881836,16.59000015258789,4105600.0,13.317268371582031
15.829999923706055,15.100000381469727,15.479999542236328,15.210000038146973,8477600.0,12.209504127502441
15.449999809265137,14.609999656677246,15.3100004196167,14.800000190734863,5222600.0,11.880385398864746
15.6899995803833,15.170000076293945,15.199999809265137,15.460000038146973,5310600.0,12.410185813903809
16.040000915527344,15.649999618530273,15.880000114440918,15.710000038146973,4887400.0,12.610868453979492
16.34000015258789,15.720000267028809,15.890000343322754,16.270000457763672,6942100.0,13.060396194458008
16.81999969482422,15.960000038146973,16.309999465942383,16.6200008392334,5214800.0,13.341350555419922
17.149999618530273,16.860000610351562,16.860000610351562,16.969999313354492,1574800.0,13.622304916381836
17.030000686645508,15.9399995803833,16.610000610351562,16.059999465942383,5508200.0,12.891822814941406
16.329999923706055,15.510000228881836,15.84000015258789,16.290000915527344,4120100.0,13.076451301574707
16.739999771118164,15.729999542236328,16.350000381469727,16.020000457763672,5600700.0,12.859715461730957
16.649999618530273,16.1200008392334,16.260000228881836,16.190000534057617,3908100.0,12.996177673339844
16.950000762939453,16.469999313354492,16.549999237060547,16.860000610351562,4776700.0,13.534005165100098
17.920000076293945,17.3700008392334,17.440000534057617,17.690000534057617,9447800.0,14.200272560119629
17.920000076293945,17.06999969482422,17.75,17.81999969482422,6517900.0,14.304627418518066
18.100000381469727,17.049999237060547,18.100000381469727,17.350000381469727,8955700.0,13.927343368530273
17.670000076293945,17.1299991607666,17.360000610351562,17.34000015258789,3807500.0,13.919316291809082
17.600000381469727,17.030000686645508,17.350000381469727,17.579999923706055,4348900.0,14.111970901489258
17.329999923706055,16.510000228881836,17.239999771118164,16.84000015258789,8234700.0,13.517952919006348
17.030000686645508,16.399999618530273,16.829999923706055,16.510000228881836,7484000.0,13.2530517578125
17.540000915527344,16.84000015258789,16.889999389648438,17.399999618530273,7561000.0,13.967479705810547
17.360000610351562,16.75,17.280000686645508,17.149999618530273,4497700.0,13.766797065734863
17.450000762939453,16.940000534057617,17.34000015258789,17.420000076293945,5166800.0,13.983534812927246
18.600000381469727,17.389999389648438,17.450000762939453,18.420000076293945,9248000.0,14.786263465881348
19.09000015258789,18.600000381469727,18.600000381469727,18.920000076293945,5254600.0,15.187627792358398
19.200000762939453,18.3799991607666,19.059999465942383,19.040000915527344,9018200.0,15.283956527709961
18.899999618530273,18.110000610351562,18.899999618530273,18.5,7598200.0,14.850481033325195
19.079999923706055,17.899999618530273,18.799999237060547,17.899999618530273,6649500.0,14.368844032287598
18.479999542236328,17.649999618530273,18.010000228881836,17.989999771118164,4162600.0,14.44109058380127
18.920000076293945,17.649999618530273,17.90999984741211,18.81999969482422,7536800.0,15.107355117797852
19.09000015258789,18.3700008392334,18.579999923706055,18.760000228881836,6891900.0,15.059191703796387
19.219999313354492,18.729999542236328,19.110000610351562,18.969999313354492,4237300.0,15.227763175964355
19.3799991607666,18.760000228881836,19.049999237060547,18.979999542236328,3472700.0,15.23579216003418
19.389999389648438,18.90999984741211,19.049999237060547,18.989999771118164,5247300.0,15.243819236755371
19.219999313354492,18.09000015258789,19.190000534057617,18.09000015258789,9298300.0,14.5213623046875
18.440000534057617,17.899999618530273,18.149999618530273,18.40999984741211,6125800.0,14.778236389160156
18.3799991607666,17.770000457763672,18.34000015258789,17.959999084472656,5917100.0,14.417007446289062
18.489999771118164,18.010000228881836,18.079999923706055,18.43000030517578,3698900.0,14.794291496276855
19.25,18.549999237060547,18.579999923706055,18.979999542236328,5071900.0,15.23579216003418
19.18000030517578,18.420000076293945,18.799999237060547,19.1200008392334,5349400.0,15.348172187805176
19.34000015258789,18.670000076293945,19.139999389648438,18.920000076293945,4063100.0,15.187627792358398
19.290000915527344,18.68000030517578,18.899999618530273,19.079999923706055,4214100.0,15.31606388092041
18.940000534057617,18.280000686645508,18.940000534057617,18.3799991607666,4821900.0,14.754154205322266
19.200000762939453,18.700000762939453,18.75,18.75,5839200.0,15.051165580749512
18.799999237060547,18.020000457763672,18.600000381469727,18.149999618530273,6932000.0,14.569524765014648
18.540000915527344,18.09000015258789,18.200000762939453,18.18000030517578,7041200.0,14.593608856201172
18.600000381469727,17.549999237060547,18.309999465942383,17.709999084472656,5974500.0,14.216325759887695
18.299999237060547,17.75,17.850000381469727,18.100000381469727,4522200.0,14.529390335083008
18.190000534057617,17.610000610351562,18.110000610351562,17.649999618530273,3496100.0,14.168159484863281
17.700000762939453,16.84000015258789,17.649999618530273,16.940000534057617,9412000.0,13.598223686218262
17.530000686645508,17.020000457763672,17.049999237060547,17.440000534057617,5304600.0,13.999588966369629
18.3700008392334,17.649999618530273,17.700000762939453,18.239999771118164,6874100.0,14.641772270202637
18.389999389648438,17.850000381469727,18.389999389648438,17.899999618530273,2510200.0,14.368844032287598
18.31999969482422,17.690000534057617,17.989999771118164,18.270000457763672,5138000.0,14.665853500366211
18.170000076293945,17.65999984741211,18.010000228881836,17.790000915527344,8065300.0,14.280545234680176
17.709999084472656,16.860000610351562,17.65999984741211,16.860000610351562,5791800.0,13.534005165100098
17.549999237060547,16.579999923706055,16.84000015258789,17.489999771118164,7225300.0,14.039724349975586
17.139999389648438,16.15999984741211,17.079999923706055,16.270000457763672,8066000.0,13.060396194458008
16.860000610351562,16.360000610351562,16.5,16.639999389648438,3641700.0,13.357404708862305
17.0,16.450000762939453,16.780000686645508,16.639999389648438,2252200.0,13.357404708862305
16.600000381469727,16.219999313354492,16.579999923706055,16.40999984741211,5283500.0,13.172778129577637
16.920000076293945,16.489999771118164,16.75,16.65999984741211,3279600.0,13.373459815979004
16.799999237060547,16.3799991607666,16.719999313354492,16.700000762939453,3364300.0,13.405569076538086
17.649999618530273,17.100000381469727,17.209999084472656,17.649999618530273,7617300.0,14.168159484863281
17.959999084472656,17.31999969482422,17.860000610351562,17.549999237060547,5386000.0,14.08788776397705
17.84000015258789,17.309999465942383,17.469999313354492,17.649999618530273,4769800.0,14.168159484863281
17.68000030517578,17.3799991607666,17.389999389648438,17.440000534057617,2331200.0,13.999588966369629
17.6299991607666,17.100000381469727,17.350000381469727,17.600000381469727,3173900.0,14.12802505493164
18.219999313354492,17.649999618530273,17.68000030517578,18.190000534057617,4951800.0,14.601634979248047
18.420000076293945,17.8700008392334,18.209999084472656,17.989999771118164,4395100.0,14.44109058380127
18.079999923706055,17.65999984741211,18.020000457763672,17.809999465942383,4534600.0,14.296595573425293
18.270000457763672,17.75,17.850000381469727,18.100000381469727,3689100.0,14.529390335083008
18.299999237060547,17.559999465942383,18.200000762939453,17.649999618530273,5321900.0,14.168159484863281
18.010000228881836,17.709999084472656,17.8799991607666,17.860000610351562,3221600.0,14.336734771728516
17.950000762939453,17.700000762939453,17.84000015258789,17.799999237060547,4178300.0,14.28857135772705
18.280000686645508,17.719999313354492,17.969999313354492,18.0,10040900.0,14.449116706848145
19.09000015258789,18.15999984741211,18.239999771118164,19.049999237060547,8879800.0,15.291980743408203
19.100000381469727,18.399999618530273,18.8799991607666,18.600000381469727,9733500.0,14.930753707885742
18.25,17.700000762939453,18.25,17.75,18453000.0,14.248435020446777
18.329999923706055,17.969999313354492,18.100000381469727,18.020000457763672,6890600.0,14.465173721313477
18.450000762939453,17.979999542236328,18.09000015258789,18.239999771118164,5163600.0,14.641772270202637
18.8799991607666,18.34000015258789,18.5,18.770000457763672,9581100.0,15.067218780517578
18.920000076293945,18.510000228881836,18.760000228881836,18.6200008392334,4573100.0,14.946808815002441
19.170000076293945,18.649999618530273,18.670000076293945,19.100000381469727,9474800.0,15.332121849060059
20.200000762939453,18.8799991607666,19.149999618530273,19.90999984741211,16069400.0,15.982330322265625
20.610000610351562,20.020000457763672,20.299999237060547,20.299999237060547,7251300.0,16.295391082763672
21.350000381469727,20.6200008392334,20.829999923706055,21.350000381469727,11607500.0,17.138256072998047
21.860000610351562,20.81999969482422,21.100000381469727,21.770000457763672,10290600.0,17.475404739379883
22.309999465942383,21.65999984741211,22.100000381469727,22.0,10148800.0,17.660032272338867
22.469999313354492,21.829999923706055,21.850000381469727,22.139999389648438,9967500.0,17.77241325378418
22.34000015258789,21.65999984741211,22.149999618530273,22.079999923706055,6545600.0,17.72425079345703
22.649999618530273,21.56999969482422,22.3700008392334,22.299999237060547,7503800.0,17.900850296020508
22.65999984741211,21.8799991607666,22.049999237060547,21.959999084472656,8953400.0,17.62792205810547
22.1200008392334,21.440000534057617,21.809999465942383,21.610000610351562,7433500.0,17.346969604492188
23.209999084472656,22.200000762939453,22.389999389648438,23.1299991607666,5148700.0,18.567115783691406
24.299999237060547,22.979999542236328,23.010000228881836,23.969999313354492,4850600.0,19.24140739440918
25.889999389648438,23.31999969482422,23.600000381469727,25.0,13530400.0,20.068218231201172
27.40999984741211,25.799999237060547,25.959999084472656,26.8700008392334,10367700.0,21.56932258605957
28.010000228881836,25.799999237060547,27.690000534057617,25.979999542236328,15173900.0,20.854888916015625
26.739999771118164,25.559999465942383,25.81999969482422,26.459999084472656,7093100.0,21.240198135375977
25.31999969482422,24.170000076293945,25.09000015258789,25.149999618530273,7501900.0,20.188627243041992
25.600000381469727,24.739999771118164,25.489999771118164,24.739999771118164,8337800.0,19.859508514404297
24.8700008392334,23.719999313354492,24.600000381469727,24.56999969482422,6893800.0,19.723045349121094
25.899999618530273,24.649999618530273,24.75,25.829999923706055,6291900.0,20.73448371887207
27.8799991607666,26.899999618530273,27.06999969482422,27.770000457763672,7431700.0,22.291778564453125
28.3700008392334,27.34000015258789,27.75,28.170000076293945,6486000.0,22.61286735534668
28.530000686645508,27.59000015258789,28.290000915527344,27.59000015258789,2690500.0,22.14728546142578
28.899999618530273,27.510000228881836,27.530000686645508,28.899999618530273,6218900.0,23.1988582611084
31.010000228881836,28.59000015258789,29.0,31.010000228881836,8817900.0,24.892620086669922
30.450000762939453,28.860000610351562,30.43000030517578,29.18000030517578,9459400.0,23.423625946044922
29.549999237060547,27.920000076293945,28.979999542236328,28.059999465942383,14907900.0,22.524566650390625
30.25,27.90999984741211,29.06999969482422,28.469999313354492,11799200.0,22.85368537902832
29.489999771118164,27.450000762939453,27.809999465942383,29.489999771118164,9537100.0,23.811553955078125
30.149999618530273,29.209999084472656,29.770000457763672,29.600000381469727,4397400.0,23.900373458862305
30.0,29.1299991607666,29.31999969482422,30.0,4878800.0,24.22335433959961
31.479999542236328,30.43000030517578,30.8799991607666,31.030000686645508,6300800.0,25.05501937866211
31.649999618530273,30.0,31.299999237060547,30.1299991607666,5145300.0,24.32831382751465
30.399999618530273,29.459999084472656,30.280000686645508,29.610000610351562,5973500.0,23.908445358276367
30.049999237060547,29.190000534057617,29.790000915527344,29.489999771118164,3642800.0,23.811553955078125
29.510000228881836,28.059999465942383,28.950000762939453,28.329999923706055,6229000.0,22.87491798400879
28.670000076293945,27.5,28.149999618530273,27.8799991607666,7732900.0,22.511568069458008
28.6299991607666,27.34000015258789,27.799999237060547,28.229999542236328,5288200.0,22.794172286987305
28.59000015258789,27.75,28.280000686645508,27.75,6343900.0,22.406599044799805
27.940000534057617,25.989999771118164,27.700000762939453,26.049999237060547,6369800.0,21.03394317626953
26.639999389648438,25.920000076293945,26.209999084472656,26.579999923706055,4565700.0,21.46188735961914
26.940000534057617,26.219999313354492,26.709999084472656,26.479999542236328,3690600.0,21.38114356994629
26.030000686645508,25.209999084472656,25.899999618530273,25.3799991607666,3926800.0,20.49295425415039
25.719999313354492,25.18000030517578,25.459999084472656,25.190000534057617,4234100.0,20.339542388916016
26.06999969482422,25.139999389648438,25.329999923706055,25.989999771118164,854600.0,20.98549461364746
26.389999389648438,25.829999923706055,26.229999542236328,25.860000610351562,1967300.0,20.880529403686523
26.920000076293945,26.209999084472656,26.209999084472656,26.68000030517578,6264000.0,21.542631149291992
26.850000381469727,25.5,26.68000030517578,25.68000030517578,4778000.0,20.73518943786621
25.489999771118164,25.049999237060547,25.280000686645508,25.059999465942383,1118500.0,20.234573364257812
26.170000076293945,25.399999618530273,25.510000228881836,26.170000076293945,5658500.0,21.130834579467773
26.229999542236328,25.360000610351562,26.059999465942383,25.700000762939453,2144400.0,20.751338958740234
26.899999618530273,25.780000686645508,25.979999542236328,26.68000030517578,4031600.0,21.542631149291992
26.59000015258789,25.860000610351562,26.290000915527344,25.969999313354492,4213500.0,20.96934700012207
26.850000381469727,26.270000457763672,26.299999237060547,26.5,3407800.0,21.397294998168945
28.540000915527344,27.420000076293945,27.420000076293945,28.540000915527344,3606500.0,23.04448127746582
29.190000534057617,28.329999923706055,28.809999465942383,29.1299991607666,3499900.0,23.5208740234375
30.420000076293945,29.709999084472656,30.079999923706055,30.06999969482422,5500500.0,24.279874801635742
31.200000762939453,29.700000762939453,29.889999389648438,30.979999542236328,4424800.0,25.014646530151367
32.11000061035156,31.200000762939453,31.200000762939453,31.81999969482422,2018500.0,25.692899703979492
31.299999237060547,30.489999771118164,31.229999542236328,30.56999969482422,5968500.0,24.68359375
32.689998626708984,30.350000381469727,30.350000381469727,32.11000061035156,14846300.0,25.927059173583984
32.02000045776367,31.030000686645508,32.0,31.469999313354492,5303100.0,25.410297393798828
32.43000030517578,30.950000762939453,30.989999771118164,32.099998474121094,6309700.0,25.91898536682129
33.47999954223633,32.189998626708984,32.209999084472656,33.310001373291016,4369600.0,26.895994186401367
34.720001220703125,33.27000045776367,34.06999969482422,34.130001068115234,5373900.0,27.5580997467041
34.630001068115234,33.599998474121094,34.41999816894531,33.599998474121094,5274700.0,27.130151748657227
34.20000076293945,33.40999984741211,33.47999954223633,33.70000076293945,3244000.0,27.210895538330078
33.4900016784668,32.13999938964844,33.220001220703125,32.25,3136800.0,26.040102005004883
32.95000076293945,32.11000061035156,32.70000076293945,32.18000030517578,4067300.0,25.98358154296875
33.5099983215332,32.68000030517578,32.70000076293945,32.88999938964844,5928500.0,26.556867599487305
33.439998626708984,32.40999984741211,32.40999984741211,32.65999984741211,4024400.0,26.37115478515625
32.0,30.389999389648438,32.0,30.610000610351562,6833500.0,24.715890884399414
30.770000457763672,29.8700008392334,30.65999984741211,29.920000076293945,3554600.0,24.158754348754883
31.329999923706055,30.079999923706055,30.639999389648438,30.239999771118164,4297100.0,24.417137145996094
30.81999969482422,30.040000915527344,30.790000915527344,30.59000015258789,3867100.0,24.699745178222656
31.350000381469727,30.260000228881836,30.520000457763672,31.079999923706055,4011900.0,25.09539222717285
32.79999923706055,32.099998474121094,32.15999984741211,32.79999923706055,5036400.0,26.48419761657715
35.849998474121094,34.02000045776367,34.209999084472656,35.810001373291016,11344600.0,28.91460609436035
35.560001373291016,34.029998779296875,35.529998779296875,34.400001525878906,4651000.0,27.77610969543457
34.75,33.689998626708984,34.70000076293945,33.81999969482422,6626600.0,27.307788848876953
34.439998626708984,33.619998931884766,33.779998779296875,33.77000045776367,5231900.0,27.267419815063477
34.29999923706055,33.38999938964844,33.61000061035156,34.06999969482422,5909200.0,27.50965118408203
36.560001373291016,35.779998779296875,35.88999938964844,36.43000030517578,6047300.0,29.41522216796875
37.279998779296875,35.279998779296875,36.84000015258789,35.540000915527344,6307900.0,28.696596145629883
35.33000183105469,34.029998779296875,35.33000183105469,34.689998626708984,6845300.0,28.010265350341797
35.25,32.79999923706055,35.189998626708984,33.16999816894531,12566100.0,26.782949447631836
33.90999984741211,32.0,32.150001525878906,32.720001220703125,9984400.0,26.419601440429688
33.380001068115234,32.849998474121094,33.04999923706055,33.16999816894531,3262200.0,26.782949447631836
33.599998474121094,31.350000381469727,33.29999923706055,31.459999084472656,6860100.0,25.402217864990234
32.290000915527344,31.360000610351562,31.889999389648438,31.81999969482422,6887300.0,25.692899703979492
31.610000610351562,30.68000030517578,31.399999618530273,31.100000381469727,6393900.0,25.111541748046875
31.8700008392334,30.799999237060547,31.190000534057617,30.920000076293945,6653500.0,24.966197967529297
31.350000381469727,29.829999923706055,31.219999313354492,30.1200008392334,5789100.0,24.32024383544922
30.579999923706055,29.06999969482422,29.450000762939453,30.18000030517578,8743900.0,24.36869239807129
31.020000457763672,29.649999618530273,30.65999984741211,29.649999618530273,5574100.0,23.940744400024414
31.3799991607666,30.700000762939453,30.739999771118164,31.010000228881836,5780300.0,25.038869857788086
31.5,30.290000915527344,30.75,31.170000076293945,4101000.0,25.16806411743164
33.31999969482422,31.56999969482422,31.90999984741211,33.31999969482422,7401600.0,26.904067993164062
33.84000015258789,32.279998779296875,33.619998931884766,32.529998779296875,4529000.0,26.266185760498047
32.77000045776367,31.299999237060547,32.689998626708984,31.299999237060547,14673300.0,25.27303123474121
31.889999389648438,30.899999618530273,31.149999618530273,31.6299991607666,3340900.0,25.53948402404785
30.969999313354492,28.950000762939453,30.889999389648438,29.040000915527344,6509400.0,23.448204040527344
30.079999923706055,28.290000915527344,28.450000762939453,29.399999618530273,7020200.0,23.73888397216797
29.6299991607666,28.43000030517578,29.040000915527344,29.239999771118164,7074400.0,23.60969352722168
29.510000228881836,28.549999237060547,29.5,29.0,3917800.0,23.41590690612793
29.6200008392334,27.25,27.989999771118164,29.389999389648438,6849000.0,23.730806350708008
30.0,29.360000610351562,29.670000076293945,29.809999465942383,4456400.0,24.069934844970703
30.520000457763672,29.549999237060547,30.079999923706055,30.110000610351562,3106200.0,24.312170028686523
30.389999389648438,29.75,30.0,30.100000381469727,2264400.0,24.30409812927246
30.350000381469727,29.290000915527344,29.530000686645508,29.790000915527344,4009400.0,24.053787231445312
30.0,29.09000015258789,29.809999465942383,29.510000228881836,4092200.0,23.827701568603516
30.709999084472656,29.299999237060547,29.559999465942383,30.649999618530273,2444400.0,24.74818992614746
31.479999542236328,29.270000457763672,31.0,29.450000762939453,6253600.0,23.77925682067871
29.889999389648438,28.649999618530273,29.729999542236328,28.90999984741211,5813500.0,23.343236923217773
29.540000915527344,27.93000030517578,28.200000762939453,29.149999618530273,7506100.0,23.53702163696289
29.270000457763672,28.3799991607666,29.139999389648438,29.030000686645508,3787400.0,23.440128326416016
29.290000915527344,27.81999969482422,29.079999923706055,28.65999984741211,5097200.0,23.141374588012695
28.0,27.280000686645508,27.600000381469727,27.420000076293945,6287000.0,22.1401424407959
27.899999618530273,27.280000686645508,27.3799991607666,27.420000076293945,4377900.0,22.1401424407959
27.469999313354492,26.68000030517578,27.25,27.43000030517578,5372400.0,22.14821434020996
26.760000228881836,26.149999618530273,26.549999237060547,26.610000610351562,7202100.0,21.486112594604492
27.440000534057617,26.540000915527344,26.899999618530273,26.670000076293945,6326900.0,21.53455924987793
28.100000381469727,27.1200008392334,27.290000915527344,28.049999237060547,4599100.0,22.648832321166992
27.959999084472656,27.09000015258789,27.950000762939453,27.450000762939453,3353600.0,22.903797149658203
28.350000381469727,27.1200008392334,27.31999969482422,28.350000381469727,4663300.0,23.654739379882812
28.59000015258789,27.729999542236328,28.290000915527344,27.729999542236328,5958400.0,23.137422561645508
28.15999984741211,26.420000076293945,27.889999389648438,26.829999923706055,9359600.0,22.3864803314209
27.709999084472656,27.06999969482422,27.139999389648438,27.469999313354492,4813800.0,22.920482635498047
28.18000030517578,27.600000381469727,27.700000762939453,28.059999465942383,7808800.0,23.41276741027832
27.709999084472656,26.309999465942383,27.600000381469727,26.31999969482422,7963600.0,21.960947036743164
25.950000762939453,25.059999465942383,25.950000762939453,25.350000381469727,7726700.0,21.151594161987305
26.399999618530273,25.200000762939453,25.200000762939453,26.049999237060547,4286600.0,21.735660552978516
26.149999618530273,25.43000030517578,26.0,26.030000686645508,4552200.0,21.718975067138672
26.81999969482422,26.18000030517578,26.399999618530273,26.5,3980000.0,22.111135482788086
27.049999237060547,26.18000030517578,26.8799991607666,26.559999465942383,4532500.0,22.16119384765625
26.709999084472656,26.18000030517578,26.6200008392334,26.31999969482422,3413600.0,21.960947036743164
26.700000762939453,25.739999771118164,26.68000030517578,25.90999984741211,3855800.0,21.618844985961914
26.649999618530273,25.920000076293945,26.06999969482422,26.649999618530273,7381800.0,22.236289978027344
27.420000076293945,26.68000030517578,26.81999969482422,27.260000228881836,7050000.0,22.745264053344727
27.479999542236328,26.6299991607666,27.329999923706055,26.84000015258789,5442000.0,22.39482307434082
27.399999618530273,25.0,25.0,26.860000610351562,20151200.0,22.41151237487793
27.969999313354492,27.0,27.149999618530273,27.25,6492700.0,22.736919403076172
28.170000076293945,26.920000076293945,27.25,27.920000076293945,7988700.0,23.295955657958984
28.360000610351562,27.15999984741211,27.75,28.260000228881836,5465400.0,23.579647064208984
28.1299991607666,27.270000457763672,28.1299991607666,27.520000457763672,4327900.0,22.962203979492188
27.940000534057617,27.149999618530273,27.510000228881836,27.700000762939453,3999300.0,23.11239242553711
27.920000076293945,27.329999923706055,27.489999771118164,27.860000610351562,2957000.0,23.245893478393555
27.860000610351562,27.860000610351562,27.860000610351562,27.860000610351562,0.0,23.245893478393555
28.899999618530273,27.920000076293945,28.149999618530273,28.600000381469727,3075700.0,23.86333656311035
28.270000457763672,26.8700008392334,28.200000762939453,27.170000076293945,9452200.0,22.6701717376709
27.3700008392334,26.489999771118164,27.149999618530273,26.670000076293945,6907500.0,22.252979278564453
26.989999771118164,26.389999389648438,26.899999618530273,26.780000686645508,2607700.0,22.34476089477539
26.649999618530273,26.219999313354492,26.350000381469727,26.489999771118164,3460900.0,22.1027889251709
27.15999984741211,26.309999465942383,26.309999465942383,26.579999923706055,5873900.0,22.177885055541992
27.040000915527344,26.329999923706055,26.899999618530273,26.450000762939453,5915000.0,22.069416046142578
27.280000686645508,26.31999969482422,26.350000381469727,27.020000457763672,5173400.0,22.545011520385742
27.540000915527344,26.93000030517578,27.15999984741211,27.299999237060547,5224300.0,22.778636932373047
27.510000228881836,26.530000686645508,27.389999389648438,26.84000015258789,5193200.0,22.39482307434082
26.889999389648438,26.149999618530273,26.649999618530273,26.3700008392334,4573400.0,22.002662658691406
26.729999542236328,25.809999465942383,26.639999389648438,26.100000381469727,7635700.0,21.777379989624023
26.100000381469727,26.100000381469727,26.100000381469727,26.100000381469727,0.0,21.777379989624023
26.010000228881836,25.399999618530273,25.809999465942383,25.559999465942383,13039700.0,21.326814651489258
26.889999389648438,25.899999618530273,25.989999771118164,26.389999389648438,5766200.0,22.01934814453125
26.139999389648438,25.520000457763672,26.1200008392334,25.709999084472656,4380800.0,21.45197105407715
26.780000686645508,25.799999237060547,25.899999618530273,26.469999313354492,2751800.0,22.08609962463379
27.510000228881836,26.31999969482422,26.450000762939453,27.020000457763672,4726200.0,22.545011520385742
27.489999771118164,26.770000457763672,27.020000457763672,27.239999771118164,4854600.0,22.72857666015625
27.670000076293945,27.299999237060547,27.34000015258789,27.469999313354492,4047300.0,22.920482635498047
28.950000762939453,27.889999389648438,28.350000381469727,27.920000076293945,7473000.0,23.295955657958984
28.8799991607666,28.34000015258789,28.510000228881836,28.790000915527344,8527200.0,24.021869659423828
29.3700008392334,28.510000228881836,29.1200008392334,28.899999618530273,4333400.0,24.113651275634766
29.190000534057617,28.65999984741211,28.950000762939453,29.0,4749000.0,24.19709014892578
29.709999084472656,29.100000381469727,29.260000228881836,29.649999618530273,2172000.0,24.739439010620117
29.6200008392334,29.360000610351562,29.459999084472656,29.6200008392334,1058400.0,24.714406967163086
29.850000381469727,28.719999313354492,29.6299991607666,28.93000030517578,6447900.0,24.138683319091797
28.979999542236328,28.440000534057617,28.84000015258789,28.920000076293945,4847500.0,24.130340576171875
29.3799991607666,28.43000030517578,29.1200008392334,28.889999389648438,4652000.0,24.10530662536621
29.75,28.6200008392334,28.899999618530273,29.709999084472656,5053400.0,24.789499282836914
30.09000015258789,29.639999389648438,29.829999923706055,30.040000915527344,4949900.0,25.064847946166992
30.290000915527344,29.469999313354492,30.200000762939453,29.899999618530273,8527700.0,24.94803237915039
30.239999771118164,29.020000457763672,30.110000610351562,29.18000030517578,7776800.0,24.347280502319336
29.709999084472656,29.299999237060547,29.450000762939453,29.520000457763672,3751600.0,24.630970001220703
30.270000457763672,29.639999389648438,29.850000381469727,29.719999313354492,4661400.0,24.79784393310547
30.040000915527344,29.520000457763672,29.899999618530273,29.899999618530273,4000600.0,24.94803237915039
30.170000076293945,29.729999542236328,30.010000228881836,29.899999618530273,4403100.0,24.94803237915039
29.829999923706055,28.649999618530273,29.829999923706055,28.719999313354492,5930800.0,23.96346092224121
29.040000915527344,28.31999969482422,28.700000762939453,28.5,5482100.0,23.779897689819336
29.15999984741211,28.5,28.6200008392334,29.1299991607666,4207500.0,24.305559158325195
30.649999618530273,29.559999465942383,29.559999465942383,30.610000610351562,11658200.0,25.54044532775879
30.899999618530273,29.649999618530273,30.899999618530273,29.65999984741211,10680100.0,24.747779846191406
30.209999084472656,29.270000457763672,29.65999984741211,29.700000762939453,5584000.0,24.78115463256836
30.350000381469727,29.329999923706055,29.530000686645508,30.34000015258789,5155700.0,25.31516456604004
31.520000457763672,31.040000915527344,31.5,31.299999237060547,6300800.0,26.11617088317871
31.25,30.700000762939453,31.25,31.059999465942383,4329100.0,25.91591453552246
31.270000457763672,30.540000915527344,30.700000762939453,31.110000610351562,6171300.0,25.957639694213867
31.229999542236328,30.639999389648438,31.139999389648438,30.68000030517578,5056500.0,25.598852157592773
31.489999771118164,30.739999771118164,30.959999084472656,31.229999542236328,4577600.0,26.057762145996094
32.43000030517578,31.59000015258789,31.600000381469727,32.41999816894531,7800300.0,27.050674438476562
32.619998931884766,31.559999465942383,32.09000015258789,32.04999923706055,9706400.0,26.741954803466797
32.25,31.700000762939453,32.0,31.920000076293945,7870700.0,26.633485794067383
32.029998779296875,31.389999389648438,31.790000915527344,31.5,7393600.0,26.283044815063477
31.270000457763672,30.559999465942383,31.270000457763672,30.799999237060547,13613400.0,25.698978424072266
31.469999313354492,30.540000915527344,30.780000686645508,31.299999237060547,16902200.0,26.11617088317871
31.450000762939453,30.690000534057617,31.299999237060547,31.1200008392334,17847800.0,25.965978622436523
32.06999969482422,31.31999969482422,31.399999618530273,31.729999542236328,26011500.0,26.474952697753906
32.040000915527344,31.110000610351562,31.889999389648438,31.200000762939453,14095900.0,26.032732009887695
32.04999923706055,31.40999984741211,31.799999237060547,31.549999237060547,24390300.0,26.32476234436035
32.2400016784668,31.709999084472656,31.989999771118164,31.75,19990400.0,26.491640090942383
32.38999938964844,31.709999084472656,32.349998474121094,31.860000610351562,19230300.0,26.583425521850586
32.54999923706055,31.600000381469727,31.739999771118164,32.540000915527344,15451900.0,27.150802612304688
34.0,32.33000183105469,32.560001373291016,33.880001068115234,20534600.0,28.268875122070312
34.33000183105469,33.41999816894531,34.119998931884766,33.83000183105469,16366000.0,28.227157592773438
34.4900016784668,33.650001525878906,33.70000076293945,34.36000061035156,15021800.0,28.66938018798828
34.65999984741211,33.90999984741211,34.0,34.439998626708984,15689600.0,28.736129760742188
34.709999084472656,34.2400016784668,34.5,34.34000015258789,14021600.0,28.652694702148438
35.18000030517578,34.45000076293945,34.91999816894531,35.08000183105469,56429700.0,29.270137786865234
35.97999954223633,35.2599983215332,35.5,35.66999816894531,22554600.0,29.762418746948242
36.189998626708984,35.310001373291016,35.380001068115234,36.099998474121094,15002800.0,30.121204376220703
36.689998626708984,35.18000030517578,36.5,35.599998474121094,24227100.0,29.704011917114258
36.09000015258789,35.470001220703125,35.81999969482422,35.79999923706055,18117700.0,29.87088966369629
35.79999923706055,35.79999923706055,35.79999923706055,35.79999923706055,0.0,29.87088966369629
36.11000061035156,34.470001220703125,35.689998626708984,34.47999954223633,23042000.0,28.769506454467773
35.209999084472656,34.72999954223633,34.79999923706055,35.09000015258789,19131800.0,29.278480529785156
35.72999954223633,35.22999954223633,35.369998931884766,35.2599983215332,16114100.0,29.420320510864258
35.130001068115234,34.38999938964844,35.04999923706055,34.77000045776367,21951600.0,29.011476516723633
34.099998474121094,33.349998474121094,34.0,33.619998931884766,24324600.0,28.05193519592285
34.13999938964844,33.29999923706055,33.36000061035156,33.79999923706055,34216900.0,28.202123641967773
34.310001373291016,33.779998779296875,33.810001373291016,34.25,18617700.0,28.577598571777344
33.9900016784668,33.33000183105469,33.79999923706055,33.91999816894531,17106900.0,28.302248001098633
34.150001525878906,32.77000045776367,33.880001068115234,33.16999816894531,24175400.0,27.67646026611328
32.77000045776367,32.15999984741211,32.650001525878906,32.5099983215332,26157600.0,27.125770568847656
32.380001068115234,31.850000381469727,32.150001525878906,31.90999984741211,16957700.0,26.625141143798828
32.290000915527344,31.0,31.799999237060547,31.09000015258789,21014300.0,25.940948486328125
31.93000030517578,31.40999984741211,31.469999313354492,31.5,17114500.0,26.283044815063477
32.25,31.030000686645508,31.979999542236328,31.93000030517578,26241300.0,26.641830444335938
31.850000381469727,31.280000686645508,31.510000228881836,31.75,17561400.0,26.491640090942383
32.400001525878906,31.610000610351562,32.13999938964844,31.8700008392334,16047100.0,26.591766357421875
32.43000030517578,31.8700008392334,32.25,31.899999618530273,13596900.0,26.616796493530273
32.68000030517578,31.760000228881836,32.09000015258789,32.68000030517578,23474600.0,27.267616271972656
33.06999969482422,32.61000061035156,32.880001068115234,32.61000061035156,17562500.0,27.20920753479004
33.189998626708984,32.2400016784668,33.0,32.27000045776367,17253100.0,26.925519943237305
32.150001525878906,31.829999923706055,32.06999969482422,32.13999938964844,12450500.0,26.81705093383789
32.099998474121094,31.260000228881836,32.04999923706055,31.5,13520900.0,26.283044815063477
31.700000762939453,30.940000534057617,31.649999618530273,31.31999969482422,20181500.0,26.132856369018555
31.489999771118164,30.729999542236328,30.940000534057617,31.100000381469727,23041300.0,25.94929313659668
31.100000381469727,31.100000381469727,31.100000381469727,31.100000381469727,0.0,25.94929313659668
33.099998474121094,32.0,32.099998474121094,32.90999984741211,31395900.0,27.45952606201172
33.63999938964844,32.83000183105469,33.380001068115234,33.349998474121094,35861900.0,27.82665252685547
33.31999969482422,32.58000183105469,33.11000061035156,32.58000183105469,19842700.0,27.184179306030273
32.95000076293945,31.790000915527344,32.7599983215332,32.27000045776367,21210600.0,26.925519943237305
33.06999969482422,31.709999084472656,31.75,33.0,18549800.0,27.534618377685547
33.779998779296875,32.95000076293945,33.75,32.95000076293945,24301000.0,27.492902755737305
33.20000076293945,32.63999938964844,33.0,32.709999084472656,11948700.0,27.292646408081055
33.83000183105469,32.54999923706055,32.880001068115234,33.83000183105469,19996200.0,28.227157592773438
33.86000061035156,33.06999969482422,33.630001068115234,33.54999923706055,16724100.0,27.993526458740234
33.900001525878906,32.66999816894531,33.869998931884766,32.66999816894531,25302400.0,27.2592716217041
32.869998931884766,32.029998779296875,32.290000915527344,32.54999923706055,17377200.0,27.159147262573242
32.93000030517578,31.84000015258789,32.189998626708984,32.349998474121094,19401600.0,26.99226951599121
32.689998626708984,32.0099983215332,32.41999816894531,32.099998474121094,14629600.0,26.783674240112305
33.279998779296875,32.689998626708984,32.79999923706055,32.81999969482422,29709500.0,27.384428024291992
32.81999969482422,32.81999969482422,32.81999969482422,32.81999969482422,0.0,27.384428024291992
33.540000915527344,33.0,33.20000076293945,33.540000915527344,29217800.0,27.985187530517578
34.34000015258789,33.83000183105469,33.88999938964844,34.34000015258789,26333200.0,28.652694702148438
34.2400016784668,33.52000045776367,34.2400016784668,33.52000045776367,20239700.0,27.96849822998047
33.95000076293945,33.45000076293945,33.810001373291016,33.939998626708984,11580800.0,28.31893539428711
33.709999084472656,32.79999923706055,33.70000076293945,32.79999923706055,19246700.0,27.367740631103516
33.029998779296875,32.5,32.779998779296875,32.77000045776367,12199100.0,27.342710494995117
33.439998626708984,32.59000015258789,32.84000015258789,33.13999938964844,12424700.0,27.65143394470215
33.099998474121094,31.940000534057617,33.02000045776367,32.15999984741211,23389800.0,26.833738327026367
32.15999984741211,32.15999984741211,32.15999984741211,32.15999984741211,0.0,26.833738327026367
32.790000915527344,32.029998779296875,32.459999084472656,32.599998474121094,16280300.0,27.200864791870117
33.16999816894531,32.31999969482422,32.59000015258789,32.91999816894531,13771300.0,27.467866897583008
32.91999816894531,32.91999816894531,32.91999816894531,32.91999816894531,0.0,27.467866897583008
34.04999923706055,33.150001525878906,33.290000915527344,34.04999923706055,23741300.0,28.410720825195312
34.970001220703125,34.279998779296875,34.400001525878906,34.7400016784668,22150200.0,28.986446380615234
35.349998474121094,34.56999969482422,34.83000183105469,35.20000076293945,11962000.0,29.37026023864746
35.849998474121094,35.11000061035156,35.18000030517578,35.790000915527344,30784900.0,29.862545013427734
35.779998779296875,35.08000183105469,35.459999084472656,35.40999984741211,15112700.0,29.54547882080078
36.650001525878906,35.25,35.45000076293945,36.25,28591400.0,30.24636459350586
36.58000183105469,35.630001068115234,36.279998779296875,35.70000076293945,18176000.0,29.787452697753906
36.08000183105469,34.93000030517578,35.70000076293945,35.13999938964844,25417200.0,29.32019805908203
